"ARTWORK_ID","artist_id","room_id","artwork_price","gallery_id","artwork_medium","materials","artwork_year","gallery_established_year"
138854,"31278",24715,12000.000000,"1166",Painting,"Oil, flashe, paper on canvas ",2021,"1970"
138855,"69904",24715,28000.000000,"1166",Painting,Acrylic on canvas,2021,"1970"
138857,"8407",24757,250000.500000,"1237",Painting,Oil on canvas,1955,"1993"
138858,"49540",24663,62500.500000,"2271",Painting,Acrylic and earth on canvas,1958,"1989"
138859,"30329",24809,37500.500000,"1247",Painting,Acrylic and mixed media on canvas,2021,"2002"
138860,"8012",24663,350000.500000,"2271",Mixed Media,Mixed media and assemblage on panel,1998,"1989"
138861,"31539",24715,22000.000000,"1166",Painting,Soft pastel and flashe on wood panel,2021,"1970"
138862,"9066",24757,62500.500000,"1237",Sculpture,Wood carving / Plane tree,2018,"1993"
138863,"31539",24715,18000.000000,"1166",Painting,Soft pastel and flashe on wood panel,2021,"1970"
138864,"8376",24663,1500000.500000,"2271",Painting,Mixed media on burlap,1960,"1989"
138865,"8376",24663,625000.500000,"2271",Painting,Mixed media on burlap,1965,"1989"
138866,"30391",24663,150000.500000,"2271",Painting,Wire and metal with wooden and metal frame,1957,"1989"
138867,"83954",24715,7000.000000,"1166",Painting,Oil on canvas,2020,"1970"
138868,"19551",24715,10000.000000,"1166",Mixed Media,"Paper, acrylic paint and cotton and silk thread on board",2021,"1970"
138869,"19551",24715,10000.000000,"1166",Mixed Media,"Paper, acrylic paint and cotton and silk thread on board",2021,"1970"
138870,"19551",24715,80000.000000,"1166",Mixed Media,"Paper, engineered wood, Plexiglas, balsa wood, piano wire and acrylic paint on birch ply panel",2021,"1970"
138910,"30767",24715,35000.000000,"1166",Painting,Oil on panel,2020,"1970"
138911,"7879",24757,250000.500000,"1237",Painting,Acrylic on canvas,1980,"1993"
138912,"22902",24663,350000.500000,"2271",Painting,Oil on canvas,1959,"1989"
138913,"23417",24663,450000.500000,"2271",Painting,Oil on canvas,1956,"1989"
138915,"9213",24663,875000.500000,"2271",Painting,Oil on canvas,1974,"1989"
138916,"30767",24715,35000.000000,"1166",Painting,Oil on panel ,2021,"1970"
138918,"7383",24757,37500.500000,"1237",Sculpture,"Aluminium cast, chromal paint",2017,"1993"
138919,"21324",24757,37500.500000,"1237",Painting,"Acrylic, spray paint, photo transfer, and oil on canvas",2020,"1993"
138920,"31539",24715,15000.000000,"1166",Painting,Colored pencil and spray paint on panel,2021,"1970"
138921,"8376",24663,625000.500000,"2271",Painting,Mixed media on burlap,1965,"1989"
138922,"83953",24715,32000.000000,"1166",Painting,Oil on canvas,2021,"1970"
138923,"69904",24715,22000.000000,"1166",Painting,Acrylic on canvas,2021,"1970"
138924,"69904",24715,19000.000000,"1166",Painting,Acrylic on canvas,2021,"1970"
138925,"69904",24715,7500.000000,"1166",Work on Paper,Acrylic on paper,2021,"1970"
138926,"31278",24715,12000.000000,"1166",Painting,"Oil, flashe, paper on canvas",2021,"1970"
138959,"31278",24715,12000.000000,"1166",Painting,"Oil, flashe, paper on canvas",2021,"1970"
138960,"31278",24715,2500.000000,"1166",Work on Paper,Ink on paper,2019,"1970"
138961,"69904",24715,30000.000000,"1166",Painting,Acrylic on canvas,2021,"1970"
138962,"9096",24757,150000.500000,"1237",Painting,"Oil, acrylic and gouache on canvas",2004,"1993"
138963,"29862",24757,62500.500000,"1237",Painting,"Oil, acrylic and gold leaf on canvas",2020,"1993"
138964,"15456",24757,62500.500000,"1237",Painting,Oil and spray paint on canvas,2020,"1993"
138965,"44554",24809,37500.500000,"1247",Painting,Acrylic and oil on canvas,2021,"2002"
138966,"21966",24663,350000.500000,"2271",Painting,Oil on canvas,1975,"1989"
138967,"57251",24809,17500.500000,"1247",Painting,Acrylic on canvas,2021,"2002"
138968,"13154",24715,35000.000000,"1166",Painting,Mixed media oil on canvas,2018,"1970"
138969,"13154",24715,15000.000000,"1166",Painting,Mixed media oil on canvas,2018,"1970"
138970,"13154",24715,15000.000000,"1166",Painting,Mixed media oil on canvas,2018,"1970"
138971,"30767",24715,40000.000000,"1166",Painting,Oil on panel,2021,"1970"
138972,"8347",24757,62500.500000,"1237",Other Materials,"Tapestry, thread",2017,"1993"
138973,"69904",24715,2500.000000,"1166",Work on Paper,Acrylic on paper,2021,"1970"
139001,"83953",24715,11000.000000,"1166",Painting,Oil on panel,2021,"1970"
139002,"83953",24715,32000.000000,"1166",Painting,Oil on canvas,2021,"1970"
139003,"7219",24668,1500000.500000,"17703",Sculpture,Brushed aluminum,1985,"2017"
139004,"6807",24668,625000.500000,"17703",Painting,Acrylic on canvas,1966,"2017"
139005,"6807",24668,450000.500000,"17703",Painting,Acrylic on canvas,1976,"2017"
139006,"41637",24703,1500000.500000,"1860",Sculpture,suede,1993,"1996"
139007,"41679",24703,875000.500000,"1860",Painting,acrylic on canvas,1974,"1996"
139008,"37116",24814,62500.500000,"1614",Painting,Acrylic on deer hide,2019,"1993"
139009,"37116",24814,62500.500000,"1614",Sculpture,Hand-engraved iron,2014,"1993"
139010,"71522",24809,37500.500000,"1247",Painting,Painting - Acrylic on canvas,2021,"2002"
139011,"60127",24809,37500.500000,"1247",Painting,Oil on linen,2021,"2002"
139012,"15961",24809,37500.500000,"1247",Painting,"Oil, sand on digital print on canvas",2021,"2002"
139013,"84152",24763,87500.500000,"29008",Sculpture,Bronze,1978,"2002"
139015,"84502",24663,37500.500000,"2271",Painting,Oil on canvas,1965,"1989"
139016,"7716",24712,25000.000000,"1157",Work on Paper,"Watercolor, ink, printed vinyl shelf liner on watercolor paper",2020,"1976"
139017,"6905",24712,75000.000000,"1157",Sculpture,"Bamboo, Dacron, acrylic, paper, and wood",2021,"1976"
139018,"11161",24712,10000.000000,"1157",Work on Paper,Ink on UV Paper,2016,"1976"
139019,"37116",24814,17500.500000,"1614",Work on Paper,Monotype and gold leaf on paper,2018,"1993"
139021,"72536",24714,14000.000000,"2599",Sculpture,Corten steel,2021,"2011"
139022,"33879",24756,31000.000000,"12716",Painting,Acrylic and oil pastel on paper,1960,"1982"
139023,"30578",24756,90000.000000,"12716",Painting,Mixed media on canvas,2016,"1982"
139024,"61146",24756,37500.500000,"12716",Painting,Oil on canvas,2018,"1982"
139026,"37448",24703,17500.500000,"1860",Mixed Media,mixed media on canvas,2020,"1996"
139027,"37448",24703,17500.500000,"1860",Mixed Media,mixed media on canvas,2020,"1996"
139028,"49084",24666,250000.500000,"1258",Painting,Oil and paper transfer on canvas,2021,"1999"
139029,"60938",24666,62500.500000,"1258",Painting,Oil on canvas,2021,"1999"
139030,"8508",24674,225000.000000,"1256",Sculpture,"Mirror, high-density foam, MDF",2021,"1989"
139031,"8597",24674,650000.000000,"1256",Painting,Enamel on Aluminum,2013,"1989"
139033,"19615",24810,3463.000000,"1195",Work on Paper,"Acrylic, ink and pencil on paper",2021,"2007"
139034,"24224",24810,16160.680000,"1195",Sculpture,Iroko and iron,2021,"2007"
139035,"24224",24810,17000.000000,"1195",Sculpture,"Iroko, rubber, thread and leather",2014,"2007"
139036,"13460",24754,37500.500000,"1180",Work on Paper,typed written text on vintage Notarial ledger,2021,"1971"
139037,"7927",24754,17500.500000,"1180",Painting,oil and fine art print on canvas,2020,"1971"
139038,"10694",24710,150000.500000,"1266",Sculpture,Enamel on cast Hydrostone,1982,"1991"
139039,"11143",24710,625000.500000,"1266",Work on Paper,Stack of cut paper,1976,"1991"
139040,"37462",24809,17500.500000,"1247",Painting,Oil on linen,2021,"2002"
139041,"35506",24809,37500.500000,"1247",Work on Paper,"Gouache, soft pastel on Somerset satin paper",2021,"2002"
139042,"9250",24710,185000.000000,"1266",Installation,"Bamboo branch, shell, glass egg, coloured pencil, sand, electronic device, motor, steel, glass",2019,"1991"
139043,"7733",24710,37500.500000,"1266",Photography,Silver gelatin print,1980,"1991"
139044,"10694",24710,28000.000000,"1266",Sculpture,"6 parts, ash wood, hand lathed ",2005,"1991"
139045,"47556",24710,20000.000000,"1266",Painting,Acrylic on canvas,2021,"1991"
139046,"47556",24710,20000.000000,"1266",Painting,Acrylic on canvas,2021,"1991"
139047,"8289",24812,37500.500000,"1802",Painting,Acrylic on canvas,2009,"1990"
139048,"8289",24812,62500.500000,"1802",Mixed Media,Dye sublimation printing on polyester fabric,2015,"1990"
139049,"8289",24812,62500.500000,"1802",Mixed Media,Dye sublimation printing on polyester fabric,2015,"1990"
139050,"8289",24812,62500.500000,"1802",Painting,Acrylic on wood and styrofoam,2014,"1990"
139051,"83953",24715,32000.000000,"1166",Painting,Oil on canvas,2021,"1970"
139052,"7219",24668,800000.000000,"17703",Sculpture,Clear anodized aluminum and red plexiglass,1991,"2017"
139053,"8657",24668,270000.000000,"17703",Work on Paper,Gouache on cardboard,1958,"2017"
139054,"7516",24668,550000.000000,"17703",Painting,Paintstick on paper ,2007,"2017"
139055,"25313",24668,130000.000000,"17703",Painting,Acrylic on canvas,1964,"2017"
139056,"84154",24703,37500.500000,"1860",Painting,oil on canvas,2021,"1996"
139057,"55901",24703,37500.500000,"1860",Painting,acrylic on canvas,1998,"1996"
139058,"37116",24814,150000.500000,"1614",Installation,"Wood, acrylic, and floral wallpaper",2016,"1993"
139059,"37116",24814,62500.500000,"1614",Photography,Giclée,2012,"1993"
139060,"37116",24814,62500.500000,"1614",Photography,"C-print mounted on Dibond, walnut frame",2021,"1993"
139061,"72792",24809,37500.500000,"1247",Painting,Acrylic and pastel on canvas,2021,"2002"
139062,"82301",24809,17500.500000,"1247",Painting,Oil on canvas,2021,"2002"
139063,"74781",24763,87500.500000,"29008",Sculpture,Bronze with white patina,1979,"2002"
139064,"74781",24763,87500.500000,"29008",Sculpture,Bronze,1979,"2002"
139065,"74781",24763,87500.500000,"29008",Sculpture,Bronze,1979,"2002"
139066,"74781",24763,87500.500000,"29008",Sculpture,Bronze,1978,"2002"
139067,"66692",24712,15000.000000,"1157",Painting,Acrylic on Canvas,2014,"1976"
139068,"6770",24712,30000.000000,"1157",Work on Paper,Color ink wash,1985,"1976"
139069,"7726",24712,50000.000000,"1157",Sculpture,Cast bronze and oil paint,2020,"1976"
139070,"37116",24814,17500.500000,"1614",Work on Paper,Monotype and gold leaf on paper,2018,"1993"
139071,"72536",24714,24000.000000,"2599",Sculpture,Cotton,1997,"2011"
139072,"72536",24714,18000.000000,"2599",Sculpture,"Cotton, velvet, glass, wood",2017,"2011"
139073,"72536",24714,6000.000000,"2599",Mixed Media,Newsprint on canvas,2009,"2011"
139074,"72536",24714,6000.000000,"2599",Mixed Media,Newsprint on canvas,2009,"2011"
139075,"72536",24714,7000.000000,"2599",Mixed Media,Newsprint on canvas,2009,"2011"
139077,"72536",24714,10000.000000,"2599",Work on Paper,Mixed media on paper,2021,"2011"
139078,"6760",24756,87500.500000,"12716",Mixed Media,Vinyl on wooden stretcher,2010,"1982"
139079,"10520",24756,37500.500000,"12716",Installation,"Wall piece / LED lights, plexiglas, aluminium letters, power adaptor",2019,"1982"
139080,"74781",24763,87500.500000,"29008",Sculpture,Bronze,1976,"2002"
139081,"74781",24763,87500.500000,"29008",Sculpture,Bronze,1979,"2002"
139082,"45505",24666,62500.500000,"1258",Painting,Acrylic on canvas,2021,"1999"
139083,"27616",24666,37500.500000,"1258",Painting,Watercolor on paper,2021,"1999"
139084,"7588",24674,275000.000000,"1256",Sculpture,"Wood, styrofoam, chicken wire, cardboard, cement, acrylic and metal Slimline flammable storage cabinet",2021,"1989"
139085,"7520",24674,3011855.000000,"1256",Sculpture,Stainless steel,2014,"1989"
139086,"7272",24674,30000.000000,"1256",Photography,Pigment print,2020,"1989"
139087,"7002",24674,200000.000000,"1256",Sculpture,"Card stock, enamel, glitter, masonite, metal and wood",2020,"1989"
139088,"49095",24809,37500.500000,"1247",Painting,Acrylic on linen,2021,"2002"
139089,"55100",24809,37500.500000,"1247",Painting,"Acrylic on canvas, synthetic hair",2021,"2002"
139090,"10694",24710,37500.500000,"1266",Installation,"6 parts, ash wood, hand lathed ",2005,"1991"
139091,"7866",24754,150000.500000,"1180",Sculpture,aluminium waxed,2019,"1971"
139092,"7922",24754,17500.500000,"1180",Work on Paper,"black and white watercolour on Arches paper, framed",2021,"1971"
139093,"7926",24754,37500.500000,"1180",Photography,print on Hahnemühle paper,2017,"1971"
139094,"7062",24710,17500.500000,"1266",Installation,"Aluminum, polycarbonate, spraypaint, metal chains",2017,"1991"
139095,"8617",24710,145000.000000,"1266",Painting,"2 parts work, acrylic, lacquer and gesso on glass and printed aluminum",2021,"1991"
139096,"7223",24668,450000.500000,"17703",Painting,Acrylic and graphite on canvas,1988,"2017"
139097,"47556",24710,20000.000000,"1266",Painting,Acrylic on canvas,2021,"1991"
139098,"47556",24710,20000.000000,"1266",Painting,Acrylic on canvas,2021,"1991"
139099,"8111",24807,,"1230",Painting,Oil on canvas,1986,"1985"
139100,"8289",24812,37500.500000,"1802",Mixed Media,Dye sublimation printing on polyester fabric,2015,"1990"
139101,"41679",24703,875000.500000,"1860",Painting,acrylic on board,1970,"1996"
139102,"57810",24703,17500.500000,"1860",Painting,oil on canvas,2021,"1996"
139103,"55901",24703,37500.500000,"1860",Painting,acrylic on canvas,1998,"1996"
139104,"37116",24814,150000.500000,"1614",Other Materials,"Wool, cotton",2020,"1993"
139105,"45519",24809,17500.500000,"1247",Painting,Acrylic on canvas,2021,"2002"
139106,"74781",24763,87500.500000,"29008",Sculpture,Bronze,1979,"2002"
139107,"74781",24763,87500.500000,"29008",Sculpture,Bronze,1979,"2002"
139108,"74781",24763,87500.500000,"29008",Sculpture,Bronze,1978,"2002"
139109,"84501",24663,62500.500000,"2271",Painting,Photographic emulsion and acrylic paint on canvas,1973,"1989"
139110,"84352",24663,37500.500000,"2271",Sculpture, Macramé with white linen,1976,"1989"
139111,"37116",24814,37500.500000,"1614",Sculpture,Carved book with gold leaf,2017,"1993"
139112,"37116",24814,37500.500000,"1614",Sculpture,Carved book,2017,"1993"
139113,"37116",24814,37500.500000,"1614",Sculpture,Wood carving and hair,2016,"1993"
139114,"21492",24712,15000.000000,"1157",Photography,Archival pigment print,1963,"1976"
139115,"7725",24712,75000.000000,"1157",Mixed Media,"Middle eastern food packaging and newspaper, with glue on panel",2021,"1976"
139116,"6942",24712,15000.000000,"1157",Other Materials,Aluminium Plaque,1983,"1976"
139117,"37116",24814,,"1614",Work on Paper,Monotype on paper,2013,"1993"
139118,"72536",24714,18000.000000,"2599",Sculpture,"Corten steel, glass, feather, twigs",2012,"2011"
139119,"72536",24714,16000.000000,"2599",Sculpture,Mixed media,2014,"2011"
139120,"6942",24756,175000.000000,"12716",Painting,Oil on Linen,2018,"1982"
139122,"7941",24756,70000.000000,"12716",Sculpture,Bronze,2014,"1982"
139124,"7733",24756,17500.000000,"12716",Photography,Silver gelatin,1984,"1982"
139125,"15853",24756,65000.000000,"12716",Painting,"Plexiglas, acrylic and mixed media on canvas ",2014,"1982"
139126,"74781",24763,87500.500000,"29008",Sculpture,Bronze with blue green patina,1979,"2002"
139127,"74781",24763,87500.500000,"29008",Sculpture,Bronze,1978,"2002"
139128,"72206",24703,37500.500000,"1860",Painting,oil on linen,2011,"1996"
139129,"37448",24703,17500.500000,"1860",Mixed Media,acrylic and collage on canvas,2020,"1996"
139130,"7559",24666,37500.500000,"1258",Painting,Mixed media on canvas,2021,"1999"
139131,"84353",24762,8000.000000,"1252",Work on Paper,Pen on paper,2020,"2009"
139132,"27616",24666,37500.500000,"1258",Work on Paper,Watercolor on paper,2021,"1999"
139133,"27616",24666,37500.500000,"1258",Painting,Watercolor on paper,2021,"1999"
139134,"77510",24666,87500.500000,"1258",Painting,Oil on canvas,2021,"1999"
139135,"60938",24666,87500.500000,"1258",Painting,Oil on canvas,2021,"1999"
139136,"8054",24674,100000.000000,"1256",Painting,Urethane and oil on canvas,2021,"1989"
139137,"17953",24674,50000.000000,"1256",Painting,Watercolor on canvas,2019,"1989"
139138,"8086",24810,78494.750000,"1195",Painting,Oil on canvas,1965,"2007"
139139,"8086",24810,65797.070000,"1195",Painting,Oil on canvas,1979,"2007"
139140,"8613",24710,150000.500000,"1266",Sculpture,Aluminum,2018,"1991"
139141,"7800",24754,87500.500000,"1180",Photography,fine art pigment print,2012,"1971"
139142,"84503",24754,17500.500000,"1180",Painting,oil on canvas,2021,"1971"
139143,"7538",24754,150000.500000,"1180",Painting,acrylic on canvas,2021,"1971"
139144,"7062",24710,62500.500000,"1266",Mixed Media,Tapestry,2021,"1991"
139145,"7794",24710,11500.000000,"1266",Painting,Gesso and oil stick on black and white fibre print mounted on aluminum panel,2019,"1991"
139146,"7794",24710,156000.000000,"1266",Painting,Oil based ink on gesso and aluminum panel,2021,"1991"
139147,"6777",24710,37500.500000,"1266",Painting,Vinyl dispersion and dry pigmenton canvas,2019,"1991"
139148,"8617",24710,52000.000000,"1266",Painting,Acrylic and lacquer on Belgian linen and glass,2020,"1991"
139149,"7733",24710,50000.000000,"1266",Photography,Silver gelatin print,1983,"1991"
139150,"6765",24668,65000.000000,"17703",Sculpture,Aluminum,2008,"2017"
139151,"7001",24710,12000.000000,"1266",Painting,Oil and  pigment pen on paper,2005,"1991"
139152,"7001",24710,12000.000000,"1266",Painting,Oil on paper,2016,"1991"
139153,"7004",24710,625000.500000,"1266",Painting,Oil on canvas,2012,"1991"
139154,"72536",24714,5000.000000,"2599",Photography,Silver Gelatin Print,1977,"2011"
139157,"24336",24759,30000.000000,"2930",Mixed Media,Acrylic and ink on organza and cotton,2021,"2011"
139158,"9422",24759,450000.500000,"2930",Sculpture,Glass microspheres on powder coated stainless steel,2021,"2011"
139159,"16872",24668,17000.000000,"17703",Work on Paper,Gouache on paper,2020,"2017"
139160,"7557",24807,,"1230",Painting,Acrylic on canvas,1968,"1985"
139161,"6798",24758,875000.500000,"1328",Painting,Oil on paper mounted on board,1950,"1999"
139162,"7095",24807,1500000.500000,"1230",Mixed Media,"Acrylic, oil, polyester resin, map pins and elephant dung on linen ",1993,"1985"
139163,"6798",24758,875000.500000,"1328",Painting,Oil on paper mounted on board,1950,"1999"
139164,"27311",24666,37500.500000,"1258",Painting,"Oil, acrylic, oil pastel, charcoal, ink, sand, spray paint, corse pumice gel and collaged fabrics on canvas",2021,"1999"
139165,"6798",24758,875000.500000,"1328",Painting,Oil on paper mounted on canvas,1950,"1999"
139166,"6798",24758,875000.500000,"1328",Painting,Oil on paper on mounted board,1950,"1999"
139167,"49323",24906,175000.000000,"1387",Sculpture,"Fiberglass, resin, fabric, and steel on painted wood plinth",2016,"2002"
139168,"7074",24758,62500.500000,"1328",Painting,Oil on canvas,2020,"1999"
139169,"24032",24758,62500.500000,"1328",Painting,Oil on canvas,1994,"1999"
139170,"73031",24758,150000.500000,"1328",Painting,Oil and wax on canvas ,2021,"1999"
139171,"84353",24762,8000.000000,"1252",Work on Paper,Pen on paper,2020,"2009"
139172,"84353",24762,8000.000000,"1252",Work on Paper,Pen on paper,2020,"2009"
139173,"84353",24762,8000.000000,"1252",Work on Paper,Pen on paper,2020,"2009"
139174,"84353",24762,15000.000000,"1252",Mixed Media,"Pen on paper, wood, compact discs",2020,"2009"
139175,"27311",24666,37500.500000,"1258",Painting,"Oil, acrylic, oil pastel, charcoal, ink, sand, spray paint, corse pumice gel and collaged fabrics on canvas",2021,"1999"
139176,"37212",24705,37500.500000,"1417",Sculpture,"sublimated prints on cotton paper, copper wire, plastic in vase",2020,"2010"
139177,"37212",24705,37500.500000,"1417",Sculpture,"sublimated prints on cotton paper, copper wire, plastic in vase",2020,"2010"
139179,"40412",24707,17500.500000,"2568",Sculpture,"Brass, plexiglass and dyed cotton thread",2021,"2008"
139180,"84505",24670,250000.500000,"1211",Painting,Oil on linen,2004,"1984"
139181,"6750",24670,625000.500000,"1211",Work on Paper,Pastel on paper,1963,"1984"
139182,"84157",24705,8000.000000,"1417",Painting,oil on canvas,2021,"2010"
139183,"84157",24705,,"1417",Painting,oil on canvas,2021,"2010"
139184,"7527",24759,150000.500000,"2930",Mixed Media,Mixed media,2021,"2011"
139185,"57765",24756,22000.000000,"12716",Sculpture,"Thread on painted steel, aluminium wire, brass bolts, leather scraps, wooden wheels",2015,"1982"
139186,"7733",24756,150000.500000,"12716",Photography,Dye transfer,1989,"1982"
139187,"78973",24672,17500.500000,"15507",Painting,Flashe on linen,2021,"2012"
139188,"78973",24672,,"15507",Work on Paper,Flashe on paper,2021,"2012"
139189,"22552",24672,17500.500000,"15507",Painting,"Acrylic on canvas, wood frame, steel, cotton rope, dibond",2021,"2012"
139190,"20493",24672,37500.500000,"15507",Sculpture,"Wood, strings, polyurethane and latex paint, banjo tuners, metal contact microphones, wiring, cable port",2020,"2012"
139191,"20493",24672,37500.500000,"15507",Painting,"Gaffer tape, wood",2021,"2012"
139192,"19795",24811,150000.500000,"2203",Painting,Acrylic and oil on canvas,2013,"1970"
139193,"23966",24811,150000.500000,"2203",Painting,Oil stick on Korean paper,1993,"1970"
139194,"41461",24811,87500.500000,"2203",Mixed Media,Ink on mulberry Hanji paper,2016,"1970"
139195,"84354",24809,17500.500000,"1247",Painting,Oil on canvas,2020,"2002"
139196,"7866",24754,17500.500000,"1180",Mixed Media,spray paint and tempera on glass,2021,"1971"
139197,"7538",24754,87500.500000,"1180",Painting,acrylic and dye on canvas,2021,"1971"
139198,"72751",24812,17500.500000,"1802",Painting,Acrylic and oil stick on canvas,2021,"1990"
139199,"8337",24812,17500.500000,"1802",Photography,C-Print,2008,"1990"
139200,"7321",24717,37500.500000,"1127",Sculpture,brass and multifilament lines,2019,"1989"
139201,"8289",24812,37500.500000,"1802",Photography,Arylic on wood,2012,"1990"
139202,"8196",24807,,"1230",Painting,Acrylic on canvas,1984,"1985"
139203,"7511",24807,,"1230",Painting,Oil on canvas,1986,"1985"
139204,"16872",24668,17000.000000,"17703",Work on Paper,Gouache on paper,2020,"2017"
139205,"24336",24759,30000.000000,"2930",Mixed Media,Acrylic and ink on organza and cotton,2021,"2011"
139206,"10453",24759,28000.000000,"2930",Photography,Inkjet print,2018,"2011"
139207,"7527",24759,55000.000000,"2930",Other Materials,"UV print on retroreflective vinyl, mounted on Dibond",2021,"2011"
139208,"7527",24759,50000.000000,"2930",Other Materials,"UV print on retroreflective vinyl, mounted on Dibond",2021,"2011"
139209,"7218",24807,2500000.500000,"1230",Painting,Oil on canvas,1971,"1985"
139210,"7517",24807,875000.500000,"1230",Sculpture,Silicon bronze plate,1987,"1985"
139211,"29402",24906,62500.500000,"1387",Sculpture,Urethane paint on wood,2021,"2002"
139212,"17401",24807,62500.500000,"1230",Work on Paper,Graphite on paper,2003,"1985"
139213,"7078",24758,150000.500000,"1328",Painting,Acrylic on canvas over panel,2021,"1999"
139214,"24032",24758,37500.500000,"1328",Painting,Oil on canvas,1981,"1999"
139215,"22275",24906,87500.500000,"1387",Mixed Media,"Cotton Rag Paper, Inkjet Print, Acrylic, Vintage Beaded Barrette (Glass Beads, Polyester, Suede Cotton Thread), Vintage Belt Buckle (Glass Beads, Suede, Polyester Thread), Vintage Pin, Beaded Belt (Glass Beads, Cotton Thread), Glass Beads, Nylon Thread",2021,"2002"
139216,"6735",24807,150000.500000,"1230",Painting,Gouache on paper,1959,"1985"
139217,"30954",24758,37500.500000,"1328",Painting,Oil and acrylic on linen,2021,"1999"
139218,"6735",24807,250000.500000,"1230",Work on Paper,Acrylic on paper,1964,"1985"
139219,"84353",24762,8000.000000,"1252",Work on Paper,Pen on paper,2020,"2009"
139220,"84353",24762,8000.000000,"1252",Work on Paper,Pen on paper,2020,"2009"
139221,"84353",24762,8000.000000,"1252",Work on Paper,Pen on paper,2020,"2009"
139222,"8236",24670,37500.500000,"1211",Sculpture,Plaster and paint on paper,2021,"1984"
139223,"27311",24666,37500.500000,"1258",Painting,"Oil, acrylic, oil pastel, charcoal, ink, sand, spray paint, corse pumice gel and collaged fabrics on canvas",2021,"1999"
139224,"7415",24807,450000.500000,"1230",Painting,Oil on canvas,1989,"1985"
139225,"8548",24666,17500.500000,"1258",Painting,"Acrylic, ink, dye and burlap",2021,"1999"
139226,"62101",24666,17500.500000,"1258",Painting,Acrylic on canvas,2021,"1999"
139227,"22275",24666,250000.500000,"1258",Mixed Media,Mixed,2021,"1999"
139228,"45505",24666,17500.500000,"1258",Painting,Acrylic on canvas,2021,"1999"
139229,"60938",24666,37500.500000,"1258",Painting,Oil on canvas ,2021,"1999"
139230,"60938",24666,62500.500000,"1258",Painting,Oil on canvas,2021,"1999"
139231,"11710",24756,150000.500000,"12716",Sculpture,"Polished bronze, steel, stainless steel, lacquer",2019,"1982"
139232,"78973",24672,,"15507",Painting,Flashe on linen,2021,"2012"
139233,"84159",24958,87500.500000,"3143",Work on Paper,tempera on newsprint,1934,"1982"
139234,"30949",24958,625000.500000,"3143",Painting,oil and tempera on Celotex,1944,"1982"
139235,"30949",24958,87500.500000,"3143",Work on Paper,"tempera on newsprint (El Universal, November 13, 1942)",1942,"1982"
139236,"23961",24811,150000.500000,"2203",Sculpture,Porcelain,1979,"1970"
139237,"8444",24711,37500.500000,"1242",Painting,ash on linen,2011,"1960"
139238,"20668",24811,150000.500000,"2203",Painting,Acrylic on canvas,2015,"1970"
139239,"36181",24811,17500.500000,"2203",Work on Paper,Graphite on paper,2020,"1970"
139240,"6996",24711,625000.500000,"1242",Sculpture,aluminum,2012,"1960"
139241,"8460",24711,62500.500000,"1242",Photography,pigment print mounted to Dibond,2021,"1960"
139242,"8290",24711,37500.500000,"1242",Photography,dye sublimation print,2021,"1960"
139243,"27577",24711,17500.500000,"1242",Work on Paper,watercolor on paper,2021,"1960"
139244,"7866",24754,17500.500000,"1180",Sculpture,bronze,2018,"1971"
139245,"50190",24711,62500.500000,"1242",Sculpture,"glazed ceramic, acrylic paint, powder coated steel",2021,"1960"
139246,"7866",24754,37500.500000,"1180",Sculpture,"hand blow glass, wood, mirror, black lacquered metal",2021,"1971"
139247,"7922",24754,17500.500000,"1180",Work on Paper,"black and white watercolour on Arches paper, framed",2021,"1971"
139248,"24224",24810,16152.570000,"1195",Sculpture," Spanish walnut, iroko and wood",2021,"2007"
139249,"8769",24812,62500.500000,"1802",Installation,"Blackboard, chalk, map, chairs, jacket, books, paper, sponge, notebook, felt letters",1988,"1990"
139250,"24176",24717,62500.500000,"1127",Painting,oil paint and wax on canvas,2020,"1989"
139251,"16872",24668,20000.000000,"17703",Painting,Acrylic gouache on canvas,2021,"2017"
139252,"7219",24668,150000.500000,"17703",Sculpture,Cadmium red light on wood,1986,"2017"
139253,"7517",24668,425000.000000,"17703",Sculpture,Wood and oil paint,2019,"2017"
139254,"72536",24714,4000.000000,"2599",Photography,Silver gelatin print,1976,"2011"
139255,"9173",24759,87500.500000,"2930",Other Materials,"Spray enamel, thermoformed PETG",2021,"2011"
139256,"72536",24714,14000.000000,"2599",Prints & Multiples,Photo etching,1994,"2011"
139257,"9173",24759,87500.500000,"2930",Other Materials,"Spray enamel, thermoformed PETG",2021,"2011"
139258,"9173",24759,87500.500000,"2930",Other Materials,"Spray enamel, thermoformed PETG ",2021,"2011"
139259,"73290",24759,65000.000000,"2930",Work on Paper,Charcoal and acrylic on paper,2013,"2011"
139260,"6798",24758,875000.500000,"1328",Painting,Oil on panel mounted on board,1950,"1999"
139261,"7763",24670,87500.500000,"1211",Painting,Spray paint and ink on paper board,1978,"1984"
139262,"6793",24758,1500000.500000,"1328",Painting, Acrylic on canvas,1987,"1999"
139263,"6806",24758,1500000.500000,"1328",Painting,Acrylic and charcoal on canvas,1986,"1999"
139264,"27616",24666,450000.500000,"1258",Sculpture,Etched steel,1996,"1999"
139265,"8006",24670,17500.500000,"1211",Work on Paper,Gouache and acrylic on book jackets,2020,"1984"
139266,"7427",24807,1500000.500000,"1230",Painting,Oil on linen,1981,"1985"
139267,"69602",24666,37500.500000,"1258",Painting,Oil and spray paint on linen,2021,"1999"
139268,"6798",24758,875000.500000,"1328",Painting,Oil on board,1950,"1999"
139269,"6798",24758,875000.500000,"1328",Painting,Oil on board,1950,"1999"
139270,"6798",24758,875000.500000,"1328",Painting,Oil on paper mounted on board,1950,"1999"
139271,"23064",24670,,"1211",Work on Paper,"Screen print on coventry rag paper, unique",2021,"1984"
139272,"23495",24759,60000.000000,"2930",Sculpture,"Cold-rolled Steel, pine, and plexiglass",2021,"2011"
139273,"9469",24758,150000.500000,"1328",Painting,"Oil and silkscreen on wood, in three parts",2020,"1999"
139274,"49988",24807,150000.500000,"1230",Painting,Acrylic on canvas,1968,"1985"
139275,"24032",24758,62500.500000,"1328",Painting,Oil on canvas,1981,"1999"
139276,"24032",24758,62500.500000,"1328",Painting,Oil on canvas,1984,"1999"
139277,"11234",24807,2500000.500000,"1230",Painting,Oil and acrylic on canvas,2013,"1985"
139278,"29402",24758,62500.500000,"1328",Painting,Urethane paint on wood,2021,"1999"
139279,"24101",24959,625000.500000,"1153",Painting,Acrylic and acrylic gel on canvas with marouflage,2017,"1992"
139280,"84353",24762,8000.000000,"1252",Work on Paper,Pen on paper,2020,"2009"
139281,"84353",24762,8000.000000,"1252",Work on Paper,Pen on paper,2020,"2009"
139282,"84353",24762,8000.000000,"1252",Work on Paper,Pen on paper,2020,"2009"
139283,"6751",24807,,"1230",Painting,Acrylic and silkscreen ink on canvas,1979,"1985"
139284,"81851",24666,37500.500000,"1258",Mixed Media,Mixed media on wood,2021,"1999"
139285,"37212",24705,37500.500000,"1417",Sculpture,"sublimated prints on cotton paper, copper wire, plastic in vase",2020,"2010"
139286,"84157",24705,8000.000000,"1417",Painting,oil on canvas,2021,"2010"
139287,"84157",24705,8000.000000,"1417",Painting,oil on canvas,2021,"2010"
139288,"37212",24705,37500.500000,"1417",Sculpture,"sublimated prints on cotton paper, copper wire, plastic in vase",2020,"2010"
139289,"8548",24666,,"1258",Painting,"Acrylic, ink, dye and burlap",2021,"1999"
139290,"8243",24670,150000.500000,"1211",Work on Paper,"",2014,"1984"
139292,"40412",24707,17500.500000,"2568",Sculpture,"Brass, plexiglass and dyed cotton thread",2021,"2008"
139293,"40412",24707,17500.500000,"2568",Sculpture,"Brass, plexiglass and dyed cotton thread",2021,"2008"
139294,"40412",24707,17500.500000,"2568",Sculpture,"Brass, plexiglass and dyed cotton thread",2021,"2008"
139295,"40412",24707,17500.500000,"2568",Sculpture,"Brass, plexiglass and dyed cotton thread",2021,"2008"
139296,"40412",24707,37500.500000,"2568",Sculpture,"Brass, plexiglass and dyed cotton thread",2021,"2008"
139298,"50254",24666,17500.500000,"1258",Mixed Media,Flashe on rubberized nylon poncho,2021,"1999"
139299,"11133",24756,300000.000000,"12716",Work on Paper,"Gouache, Chinese ink on Korean paper",1985,"1982"
139300,"78973",24672,,"15507",Painting,Flashe on linen,2021,"2012"
139301,"22552",24672,37500.500000,"15507",Painting,"Acrylic and flocking on canvas, dibond",2021,"2012"
139302,"22552",24672,17500.500000,"15507",Painting,"Acrylic on two canvases, dibond",2021,"2012"
139303,"22552",24672,17500.500000,"15507",Painting,"Acrylic on canvas, wood frame, steel, cotton rope, dibond",2021,"2012"
139304,"20493",24672,17500.500000,"15507",Sculpture,"Wood, amp grill cloth, cables, disassembled Vox ac10c1 amplifier, knobs, wires, tubes, circuit board, ports, speaker",2020,"2012"
139305,"20493",24672,37500.500000,"15507",Sculpture,"Felt, carbon fiber, epoxy, wood, archival PVA, bass guitar tuner, piano string, piezo microphone, guitar amplifier",2019,"2012"
139306,"30949",24958,350000.500000,"3143",Work on Paper,tempera on paper mounted on board,1936,"1982"
139307,"30949",24958,87500.500000,"3143",Work on Paper,"tempera on newsprint (El Universal, May 25, 1940)",1940,"1982"
139308,"30949",24958,875000.500000,"3143",Work on Paper,Conte crayon on paper,1932,"1982"
139309,"30949",24958,1500000.500000,"3143",Work on Paper,tempera on paper,1936,"1982"
139310,"7431",24711,87500.500000,"1242",Work on Paper,ink and charcoal on vellum,2020,"1960"
139311,"60654",24811,150000.500000,"2203",Painting,Ink on paper on canvas,1982,"1970"
139312,"23961",24811,150000.500000,"2203",Mixed Media,Rope on canvas,2017,"1970"
139313,"11132",24811,875000.500000,"2203",Painting,Acrylic on canvas,2006,"1970"
139314,"34864",24811,250000.500000,"2203",Painting,Acrylic and oil on canvas,2021,"1970"
139315,"41461",24811,62500.500000,"2203",Mixed Media,Mixed media on mulberry Hanji paper,2018,"1970"
139316,"25668",24711,,"1242",Work on Paper,fadeproof waterproof ink on archival paper,2020,"1960"
139317,"25668",24711,,"1242",Work on Paper,fadeproof waterproof ink on archival paper,2020,"1960"
139318,"7866",24754,17500.500000,"1180",Sculpture,"Murano glass, mirror, ash wood",2021,"1971"
139319,"6944",24711,2500000.500000,"1242",Painting,"oil on canvas, glass, and aluminum",2015,"1960"
139320,"7783",24711,62500.500000,"1242",Sculpture,"gold and ruthenium plated model parts, cotton, insect pins, paint and high-density urethane",2021,"1960"
139321,"19823",24754,17500.500000,"1180",Painting,acrylic on canvas,2021,"1971"
139322,"19530",24754,37500.500000,"1180",Sculpture,"neon, reflecting textile, aluminium",2021,"1971"
139323,"6862",24754,62500.500000,"1180",Painting,acrylic and caparol dispersion binder on canvas,2021,"1971"
139324,"8086",24810,101530.460000,"1195",Painting,Oil on canvas,1970,"2007"
139325,"72751",24812,37500.500000,"1802",Painting,Acrylic and oil stick on canvas,2021,"1990"
139326,"9564",24717,250000.500000,"1127",Painting,acrylic paint on canvas,1978,"1989"
139327,"84160",24717,,"1127",Painting,painting and excavation on canvas,2020,"1989"
139328,"6914",24717,150000.500000,"1127",Installation,"mirror, black vinyl adhesive, mdf and white acrylic paint",2021,"1989"
139329,"8670",24717,62500.500000,"1127",Painting,oil paint on cotton,2020,"1989"
139330,"8852",24717,37500.500000,"1127",Painting,monotype of wall on fabric and acrylic medium on aluminum,2021,"1989"
139331,"49988",24807,150000.500000,"1230",Painting,Acrylic on canvas,1968,"1985"
139332,"17965",24812,37500.500000,"1802",Installation,Mixed Media,2015,"1990"
139333,"6821",24704,63000.000000,"1063",Painting,Acrylic on canvas,2021,"1996"
139334,"34968",24662,37500.500000,"2004",Mixed Media,Mixed media on Schoeller cardboard on masonite,1962,"1972"
139335,"7607",24662,1500000.500000,"2004",Painting,Waterpaint on canvas,1965,"1972"
139336,"8160",24662,350000.500000,"2004",Painting,tempera on canvas,1955,"1972"
139337,"10114",24662,150000.500000,"2004",Painting,Artypo-plastique,1972,"1972"
139338,"7609",24662,350000.500000,"2004",Sculpture,"Steel, plaster, paint, glass, tape and cloth",1980,"1972"
139339,"78418",24704,20000.000000,"1063",Painting,"Initialed and dated on recto, lower right corner. Signed and dated on verso. Leather and acrylic on panel",1978,"1996"
139340,"7313",24704,25000.000000,"1063",Sculpture,Oil on canvas,2015,"1996"
139342,"73031",24673,150000.500000,"1277",Painting,Oil on linen,2017,"1977"
139343,"72583",24673,17500.500000,"1277",Painting,"Recycled foam, wooden panels, acrylic paint and water-based pigments",2018,"1977"
139344,"61315",24673,17500.500000,"1277",Painting,"Acrylic, glitter, paper and fabric collage on canvas ",2021,"1977"
139345,"7857",24660,450000.500000,"1220",Painting,Tempera on canvas,2009,"1963"
139346,"6911",24660,625000.500000,"1220",Painting,"Acrylic, oil on canvas",2010,"1963"
139347,"25873",24661,17500.500000,"17772",Sculpture,"Oil and enamel paint, graphite on cast aluminum",2021,"2012"
139348,"74781",24763,87500.500000,"29008",Sculpture,Bronze,1979,"2002"
139349,"21591",24813,350000.500000,"4101",Painting,acrylic on canvas,1970,"2003"
139350,"21591",24813,250000.500000,"4101",Painting,acrylic on canvas,1976,"2003"
139351,"7498",24717,150000.500000,"1127",Painting,acrylic paint on canvas,2021,"1989"
139352,"19469",24812,17500.500000,"1802",Painting,"Egg tempera, inkl, acrylic on canvas",2012,"1990"
139353,"49504",24752,37500.500000,"1104",Painting,Oil on linen,2021,"1987"
139354,"19524",24752,1500000.500000,"1104",Other Materials,"",2021,"1987"
139355,"17965",24812,37500.500000,"1802",Installation,Mixed Media,2021,"1990"
139357,"17401",24807,150000.500000,"1230",Painting,Oil on canvas,2003,"1985"
139358,"8828",24662,150000.500000,"2004",Mixed Media, PVC and acrylic slats on board,2010,"1972"
139359,"6770",24662,37500.500000,"2004",Work on Paper,Colored pencil on squared paper,1976,"1972"
139360,"55565",24704,21500.000000,"1063",Painting,Oil on linen,2021,"1996"
139361,"20425",24810,18000.000000,"1195",Painting,Acrylic on jute,2020,"2007"
139362,"6823",24704,130000.000000,"1063",Sculpture,"Sunglass lens, lead came",2021,"1996"
139363,"6827",24704,175000.000000,"1063",Painting,Oil on canvas,2020,"1996"
139364,"31917",24704,15000.000000,"1063",Mixed Media,"Elastane, Oxford fabric, velvet, silicone fiber and sewing thread",2021,"1996"
139365,"84506",24670,150000.500000,"1211",Mixed Media,"Cotton, cotton/polyester blend, taffeta, metallic polyester, rayon, acrylic, polyester doubleknit, cotton singleknit, crepe, nylon, wool thread embroidery and cotton thread embroidery ",2000,"1984"
139366,"7003",24704,73000.000000,"1063",Sculpture,Patinated bronze,2020,"1996"
139368,"6822",24704,48000.000000,"1063",Photography,C-print,2021,"1996"
139369,"6828",24704,30000.000000,"1063",Painting,Fabric collage,2021,"1996"
139370,"10544",24704,32000.000000,"1063",Sculpture,"Wood of mystery, insets redwood and elm with bay and wood of mystery legs sealed with Rubio oil",2018,"1996"
139371,"7239",24959,75000.000000,"1153",Sculpture,Laminated glass coated with inconel and silicon monoxide,2020,"1992"
139372,"40412",24707,17500.500000,"2568",Sculpture,"Brass, plexiglass and dyed cotton thread",2021,"2008"
139373,"74781",24763,62500.500000,"29008",Sculpture,Bronze,1992,"2002"
139375,"73028",24666,,"1258",Work on Paper,Oil and charcoal on paper,2021,"1999"
139376,"73028",24666,17500.500000,"1258",Work on Paper,Oil and charcoal on paper,2021,"1999"
139377,"73028",24666,17500.500000,"1258",Work on Paper,Oil and charcoal on paper,2021,"1999"
139378,"65732",24808,,"29309",Sculpture,"Ceramic, urushi lacquer, glaze. Paulownia wood ""tomobako"" box, signed in ink, cotton, paper.",2021,"2018"
139379,"27616",24666,350000.500000,"1258",Mixed Media,"Mixed media assemblage with window, paper, wood, glass and meta",1975,"1999"
139380,"74781",24763,62500.500000,"29008",Sculpture,Bronze,1992,"2002"
139381,"74781",24763,87500.500000,"29008",Sculpture,Bronze,1995,"2002"
139382,"21591",24813,350000.500000,"4101",Painting,acrylic on canvas,1976,"2003"
139383,"19615",24810,14000.000000,"1195",Painting,"Acrylic, ink and pencil on canvas",2021,"2007"
139384,"25123",24808,,"29309",Photography,Ultrachrome Archival Print,2003,"2018"
139385,"25123",24808,,"29309",Photography,Ultrachrome Archival Print,2007,"2018"
139389,"25123",24808,2000.000000,"29309",Photography,type-c print,2007,"2018"
139390,"25123",24808,,"29309",Photography,Ultrachrome Archival Print,2008,"2018"
139392,"6708",24959,60000.000000,"1153",Painting,Acrylic on canvas,2020,"1992"
139393,"6942",24959,350000.500000,"1153",Painting,"24k gold, platinum and red gold leaf and oil on linen",2021,"1992"
139394,"7642",24959,1500000.500000,"1153",Sculpture,Solid cast glass with as-cast surfaces,2013,"1992"
139395,"7644",24959,150000.500000,"1153",Painting,"Wood, oil paint, epoxy, acrylic paint, urethane plastic, lead, stainless steel frame",2021,"1992"
139396,"8036",24959,250000.500000,"1153",Painting,"Etching ink, ink marker, and oil stick on canvas",2020,"1992"
139401,"7175",24717,62500.500000,"1127",Photography,archival inkjet print,2021,"1989"
139402,"9557",24717,37500.500000,"1127",Sculpture,"cajacatinga wood, beeswax and metallic pin",2009,"1989"
139403,"19469",24812,17500.500000,"1802",Painting,"Egg tempera, acrylic on canvas",2012,"1990"
139404,"8671",24717,17500.500000,"1127",Painting,oil paint on linen,2021,"1989"
139405,"64004",24812,37500.500000,"1802",Mixed Media,Wool and cotton fringed scarf with fabric applique and embroidery,1999,"1990"
139406,"6793",24758,350000.500000,"1328",Painting,Acrylic on canvas,1974,"1999"
139407,"6806",24758,450000.500000,"1328",Painting,Acrylic and charcoal on canvas,1969,"1999"
139408,"17401",24807,62500.500000,"1230",Work on Paper,Graphite on paper,2003,"1985"
139409,"7150",24752,37500.500000,"1104",Other Materials,Plastic dark pink faceted pearls,2021,"1987"
139410,"8164",24662,87500.500000,"2004",Painting,Water-based paint on canvas,1960,"1972"
139411,"20776",24662,37500.500000,"2004",Painting,Acrylic and oil on canvas,1976,"1972"
139412,"25067",24662,17500.500000,"2004",Painting,"Plaster, gesso & varnish on wood",2019,"1972"
139413,"8606",24662,87500.500000,"2004",Mixed Media,Mixed media on canvas ,2016,"1972"
139414,"10114",24662,150000.500000,"2004",Painting,Photo emulsion on canvas,1968,"1972"
139415,"11268",24662,150000.500000,"2004",Painting,"",2014,"1972"
139416,"6831",24704,55000.000000,"1063",Painting,"Oil, colored pencil, and spray paint on canvas",2021,"1996"
139417,"6823",24704,130000.000000,"1063",Sculpture,"Sunglass lens, lead came",2021,"1996"
139418,"16861",24704,40000.000000,"1063",Sculpture,"Steel and foil armature, modelling material, fabric, clay beads, enamel, paint, hair",2018,"1996"
139419,"11236",24704,38000.000000,"1063",Painting,Oil on canvas,2019,"1996"
139420,"32152",24704,29000.000000,"1063",Painting,Oil on canvas,2021,"1996"
139421,"6829",24704,7500.000000,"1063",Work on Paper,Acrylic on paper,2021,"1996"
139422,"20876",24673,37500.500000,"1277",Mixed Media,Mixed Media on Hybrid Wood Panel,2021,"1977"
139423,"7720",24673,37500.500000,"1277",Painting,Oil on linen,2021,"1977"
139424,"40412",24707,17500.500000,"2568",Sculpture,"Brass, plexigass and dyed cotton thread",2021,"2008"
139425,"40412",24707,17500.500000,"2568",Sculpture,"Brass, plexiglass and dyed cotton thread",2021,"2008"
139426,"6748",24665,1500000.500000,"1245",Painting,oil on canvas,1989,"1989"
139427,"74781",24763,450000.500000,"29008",Sculpture,Bronze with light green patina,1980,"2002"
139428,"8310",24660,87500.500000,"1220",Painting,Acrylic on canvas,2020,"1963"
139429,"74781",24763,62500.500000,"29008",Sculpture,Bronze,1992,"2002"
139430,"74781",24763,87500.500000,"29008",Sculpture,Bronze,1978,"2002"
139431,"73028",24666,17500.500000,"1258",Work on Paper,Oil and charcoal on paper,2021,"1999"
139432,"73028",24666,,"1258",Work on Paper,Oil and charcoal on paper,2021,"1999"
139433,"73028",24666,17500.500000,"1258",Work on Paper,Oil and charcoal on paper,2021,"1999"
139434,"75753",24661,17500.500000,"17772",Mixed Media,Fused and kiln-formed glass and handmade brass hardware,2021,"2012"
139435,"74781",24763,62500.500000,"29008",Sculpture,Bronze,1990,"2002"
139436,"19615",24810,14000.000000,"1195",Painting,"Acrylic, ink and pencil on canvas",2021,"2007"
139437,"24224",24810,17500.500000,"1195",Painting,"Oil bar, sweet brass, hard brass, copper and aluminum powder on linen and gold leaf on wood",2021,"2007"
139439,"25123",24808,2000.000000,"29309",Photography,type-c print,2012,"2018"
139440,"6862",24754,62500.500000,"1180",Painting,acrylic and caparol dispersion binder on canvas,2021,"1971"
139441,"7633",24959,450000.500000,"1153",Painting,"Acrylic, oil and china marker on canvas ",2021,"1992"
139442,"7355",24959,1500000.500000,"1153",Painting,"Oil stick, acrylic, pastel on linen",2021,"1992"
139443,"7139",24959,875000.500000,"1153",Painting,Oil on linen,2021,"1992"
139451,"20425",24810,18000.000000,"1195",Painting,Acrylic on jute,2021,"2007"
139452,"19615",24810,14000.000000,"1195",Painting,"Acrylic, ink and pencil on canvas",2021,"2007"
139453,"20425",24810,18000.000000,"1195",Painting,Acrylic on jute,2021,"2007"
139454,"20425",24810,18000.000000,"1195",Painting,Acrylic on jute,2021,"2007"
139455,"20425",24810,18000.000000,"1195",Painting,Acrylic on jute,2021,"2007"
139456,"25123",24808,2000.000000,"29309",Photography,Ultrachrome Archival Print,2003,"2018"
139457,"64751",24808,37500.500000,"29309",Painting,Oil on canvas ,2021,"2018"
139459,"25123",24808,,"29309",Sculpture,Ultrachrome Archival Print,2006,"2018"
139460,"25123",24808,,"29309",Photography,Ultrachrome Archival Print,2008,"2018"
139464,"56801",24754,37500.500000,"1180",Painting,"oil, gouache, glue and gesso on canvas",2021,"1971"
139465,"7088",25005,450000.500000,"1234",Mixed Media,oil and newspaper on linen,2016,"1994"
139466,"7650",24959,450000.500000,"1153",Work on Paper,"Pencil, pastel and oil stick on paper",2020,"1992"
139467,"8291",24959,250000.500000,"1153",Photography,Dye sublimation metal print,2016,"1992"
139468,"7542",24959,875000.500000,"1153",Painting,Acrylic on hollow core door,2011,"1992"
139501,"7866",24754,150000.500000,"1180",Sculpture,"aluminium, leather belt ",2021,"1971"
139504,"8389",25005,62500.500000,"1234",Mixed Media,"acrylic on engraved mdf, birch plywood, led light fixtures, light",2019,"1994"
139505,"8341",25005,37500.500000,"1234",Sculpture,patinated bronze,,"1994"
139506,"8181",25005,250000.500000,"1234",Painting,acrylic on cotton ,2002,"1994"
139507,"8386",25005,62500.500000,"1234",Sculpture,"tiles, newspaper, mdf",2017,"1994"
139508,"63611",25005,150000.500000,"1234",Sculpture,"wood, burned wood, lacquer, necklace, horse teeth, toothbrush, nails, soil, mold, urn",2020,"1994"
139509,"7453",25005,150000.500000,"1234",Painting,digital print on canvas,2015,"1994"
139510,"8347",24802,17500.500000,"1188",Painting,"Oil, collage and varnish on wood panel",2016,"1967"
139511,"37116",24814,62500.500000,"1614",Other Materials,Pigment and acrylic on deer hide,2021,"1993"
139512,"8236",24670,37500.500000,"1211",Work on Paper,"Plaster, paint and soil on paper",2021,"1984"
139513,"10596",25106,,"1389",Painting,mixed media on linen,2020,"1988"
139514,"9371",25106,87500.500000,"1389",Painting,oil on linen,2018,"1988"
139515,"8086",24810,20643.740000,"1195",Work on Paper,Oil on paper,1993,"2007"
139516,"34966",25106,17500.500000,"1389",Painting,oil rope and nails on canvas with painted wood frame,2021,"1988"
139517,"13455",25106,62500.500000,"1389",Painting,oil on canvas on board,2021,"1988"
139518,"6754",24665,95000.000000,"1245",Painting,acrylic on aluminium mounted onto aluminium panel,2021,"1989"
139520,"8134",24665,70000.000000,"1245",Sculpture,stainless steel,1990,"1989"
139521,"65732",24808,,"29309",Sculpture,"Ceramic, urushi lacquer, glaze. Paulownia wood ""tomobako"" box, signed in ink, cotton, paper.",2021,"2018"
139522,"8311",24660,350000.500000,"1220",Painting,Mixed media on canvas in artist's frame,2020,"1963"
139523,"7372",24660,625000.500000,"1220",Painting,Oil on canvas ,1940,"1963"
139524,"8312",24660,625000.500000,"1220",Painting,Acrylic on canvas,1982,"1963"
139525,"8249",24959,350000.500000,"1153",Painting,Oil and cold wax on canvas,2021,"1992"
139526,"7420",24753,350000.500000,"1198",Sculpture,Bronze,2018,"1977"
139527,"8104",24753,450000.500000,"1198",Mixed Media,Colored pencil on Fuji Velvet paper mounted on paper,2021,"1977"
139528,"7525",24753,550000.000000,"1198",Work on Paper,Charcoal on paper,2021,"1977"
139529,"8110",24753,1500000.500000,"1198",Painting,"Oil on canvas, terracotta, wire",2013,"1977"
139530,"7394",24753,62500.500000,"1198",Photography,Inkjet print,2017,"1977"
139531,"6825",24704,22000.000000,"1063",Sculpture,"Acrylic clay, PETG, acrylic paint, and copper",2021,"1996"
139532,"19600",24957,110000.000000,"2251",Painting,Acrylic on canvas,1960,"2013"
139533,"22486",24959,350000.500000,"1153",Painting,Acrylic on canvas,2021,"1992"
139534,"8134",24665,150000.000000,"1245",Sculpture,stainless steel,1992,"1989"
139535,"19600",24957,18000.000000,"2251",Painting,Acrylic on paper,1968,"2013"
139536,"40053",24957,45000.000000,"2251",Painting,Acrylic on canvas,1979,"2013"
139537,"40053",24957,20000.000000,"2251",Painting,Acrylic on canvas,1977,"2013"
139538,"19599",24957,30000.000000,"2251",Painting,Acrylic on canvas,1983,"2013"
139543,"7415",24658,1355778.000000,"1135",Painting,Oil on canvas,2020,"1983"
139544,"7427",24658,1000000.000000,"1135",Painting,Oil on linen,2016,"1983"
139545,"9062",24658,350000.500000,"1135",Painting,Mixed media on canvas,2018,"1983"
139546,"7912",24658,192440.000000,"1135",Painting,Oil on paper on canvas,2021,"1983"
139547,"7431",24658,650000.000000,"1135",Work on Paper,Charcoal on mounted paper,2021,"1983"
139548,"31496",24903,87500.500000,"2020",Painting,acrylic on canvas,1966,"1999"
139550,"9857",24760,1000000.000000,"1158",Painting,oil on canvas,1958,"1987"
139551,"7922",24754,87500.500000,"1180",Sculpture,"wood, polyester, epoxy, Resin, polyamide, steel, fibreglass, coating",2020,"1971"
139552,"7922",24754,87500.500000,"1180",Sculpture,"steel, concrete, polyurethane, polyester, epoxy, coating, Plywood",2018,"1971"
139560,"58101",25005,625000.500000,"1234",Sculpture,"34 wooden stools ",2015,"1994"
139561,"8390",25005,150000.500000,"1234",Work on Paper,watercolor on paper ,2015,"1994"
139562,"7778",25005,150000.500000,"1234",Other Materials,"cotton, polyester and Trevira®",2011,"1994"
139563,"8384",25005,350000.500000,"1234",Sculpture,"silvered coloured glass (rainbow spectrum), composite board",2021,"1994"
139564,"8347",24802,17500.500000,"1188",Painting,Acrylic and varnish on board,2019,"1967"
139565,"8347",24802,17500.500000,"1188",Painting,Acrylic and varnish on board,2019,"1967"
139566,"88252",24670,,"1211",Painting,"",2021,"1984"
139567,"8389",25005,17500.500000,"1234",Sculpture,"aluminum, painted petg plastic, stainless steel, light fixture, light",2019,"1994"
139568,"8086",24810,86005.720000,"1195",Painting,Oil on canvas,1982,"2007"
139569,"22284",25106,37500.500000,"1389",Painting,oil on linen,2009,"1988"
139570,"9371",25106,87500.500000,"1389",Painting,oil on linen,2020,"1988"
139571,"22275",24906,175000.000000,"1387",Painting,"Canvas, acrylic paint, glass beads, artificial sinew, nylon thread, vintage beaded belt buckle (Suede, glass beads, cotton thread), vintage beaded wallet (glass beads, cotton fabric, cotton thread), vintage wooded tie slide",2021,"2002"
139572,"21239",24660,150000.500000,"1220",Painting,Oil on canvas,1996,"1963"
139573,"37448",24703,62500.500000,"1860",Mixed Media,mixed media on canvas,2021,"1996"
139574,"64303",24703,875000.500000,"1860",Mixed Media,mixed media on canvas,1990,"1996"
139575,"64554",24665,30000.000000,"1245",Work on Paper,charcoal on paper,1973,"1989"
139576,"25902",24665,150000.500000,"1245",Work on Paper,gouache on Howell paper,1969,"1989"
139577,"6779",24665,55000.000000,"1245",Painting,"ink, oil, sand on primed linen",2021,"1989"
139578,"8553",24665,40000.000000,"1245",Painting,"encaustic, paper, plastic, pins, photographs, foam and linen on panel",2021,"1989"
139579,"64751",24808,37500.500000,"29309",Painting,Oil on canvas ,2021,"2018"
139580,"9506",24660,250000.500000,"1220",Sculpture,Fire-gilded bronze,2001,"1963"
139581,"22414",24660,87500.500000,"1220",Painting,Oil on canvas,1986,"1963"
139582,"8814",24959,875000.500000,"1153",Painting,Acrylic on canvas,2006,"1992"
139583,"8466",24753,250000.000000,"1198",Photography,Chromogenic print,2018,"1977"
139584,"66680",24903,17500.500000,"2020",Painting,oil on linen over panel,2021,"1999"
139585,"19600",24957,170000.000000,"2251",Painting,Acrylic on board,1958,"2013"
139586,"19600",24957,75000.000000,"2251",Painting,Acrylic on canvas,1958,"2013"
139587,"19600",24957,280000.000000,"2251",Sculpture,Painted Iron,1954,"2013"
139588,"19600",24957,210000.000000,"2251",Painting,Acrylic on canvas,1960,"2013"
139589,"7789",24665,110000.000000,"1245",Mixed Media,"wood, urethane, epoxy, lacquer, oil paint",2021,"1989"
139590,"19600",24957,20000.000000,"2251",Painting,Acrylic on paper glued on board,1974,"2013"
139591,"19600",24957,18000.000000,"2251",Painting,Acrylic on paper,1968,"2013"
139592,"19599",24957,45000.000000,"2251",Painting,Acrylic on canvas,1965,"2013"
139593,"19599",24957,75000.000000,"2251",Painting,Oil paint on canvas,1976,"2013"
139600,"7448",24658,451926.000000,"1135",Painting,Silkscreen on canvas,2004,"1983"
139601,"7381",24754,62500.500000,"1180",Painting,"oil, acrylic, lacquer, rubber and wood on canvas, artist frame",2021,"1971"
139605,"8611",25005,87500.500000,"1234",Sculpture,"powder-coated stainless steel, metal wire, iridescent plexiglass",2021,"1994"
139606,"8347",24802,17500.500000,"1188",Painting,Oil and varnish on wood,2017,"1967"
139607,"8347",24802,17500.500000,"1188",Painting,Acrylic and varnish on board,2019,"1967"
139608,"22406",24670,62500.500000,"1211",Work on Paper,"Laser toner on paper, unique",2012,"1984"
139609,"8876",24670,37500.500000,"1211",Work on Paper,Gouache on paper,1999,"1984"
139610,"13363",24670,87500.500000,"1211",Work on Paper,Acrylic on paper,1972,"1984"
139611,"7088",25005,62500.500000,"1234",Sculpture,marble ,2011,"1994"
139612,"8388",25005,17500.500000,"1234",Sculpture,"wood, metal, plastic ",2021,"1994"
139613,"24224",24810,16045.020000,"1195",Sculpture,"Wood (Iroko, fruit tree), oil painting, staples, wax and oil",2020,"2007"
139614,"8382",25005,37500.500000,"1234",Painting,oil and charcoal on linen ,2021,"1994"
139615,"24224",24810,40000.000000,"1195",Sculpture," Iroko, iron, glazed ceramic and alpaca",2018,"2007"
139616,"13455",25106,62500.500000,"1389",Painting,oil on canvas,2021,"1988"
139651,"10597",25106,17500.500000,"1389",Painting,acrylic and mixed materials,2016,"1988"
139652,"22249",25106,87500.500000,"1389",Painting,"oil and mixed media on canvas, hand-gilded silver and painted clay frame",2021,"1988"
139653,"22320",25106,37500.500000,"1389",Painting,oil on linen,2021,"1988"
139654,"13411",25106,37500.500000,"1389",Painting,Acrylic on linen,2019,"1988"
139655,"8338",25106,17500.500000,"1389",Painting,oil and gesso on panel,2019,"1988"
139656,"7552",24660,875000.500000,"1220",Painting,Oil on canvas,1941,"1963"
139657,"41679",24703,625000.500000,"1860",Painting,acrylic on canvas,1969,"1996"
139658,"41679",24703,37500.500000,"1860",Work on Paper,screenprint printed in color on white wove paper,1972,"1996"
139659,"64303",24703,875000.500000,"1860",Painting,acrylic and mixed media on canvas,1981,"1996"
139660,"37448",24703,62500.500000,"1860",Mixed Media,mixed media on canvas,2020,"1996"
139662,"20493",24665,34000.000000,"1245",Mixed Media,"felt, carbon fiber, epoxy, wood, archival PVA, bass guitar tuner, piano string, piezo microphone, guitar amplifier",2019,"1989"
139663,"7744",24665,40000.000000,"1245",Work on Paper,graphite and colored pencil on paper,1986,"1989"
139664,"25692",24665,18000.000000,"1245",Work on Paper,chromogenic color print,1988,"1989"
139665,"65732",24808,2000.000000,"29309",Sculpture,"Ceramic, urushi lacquer, glaze. Paulownia wood ""tomobako"" box, signed in ink, cotton, paper.",2021,"2018"
139666,"8311",24660,87500.500000,"1220",Sculpture,"Plaster, wax",2017,"1963"
139667,"31496",24903,62500.500000,"2020",Painting,oil on marouflé paper on canvas,1987,"1999"
139668,"76852",24704,14000.000000,"1063",Painting,Oil and oil stick on canvas,2021,"1996"
139669,"19600",24957,60000.000000,"2251",Sculpture,Bronze with patina,1950,"2013"
139670,"7402",24711,62500.500000,"1242",Photography,"color print, mounted on dibond, mat plexiglas, flushed wooden black frame",2008,"1960"
139671,"19600",24957,35000.000000,"2251",Sculpture,Painted wood,1970,"2013"
139672,"19600",24957,35000.000000,"2251",Sculpture,Painted wood,1970,"2013"
139673,"40053",24957,25000.000000,"2251",Painting,"Acrylic on canvas, string",1977,"2013"
139674,"40053",24957,50000.000000,"2251",Installation,"Acrylic on canvas, rope, rock",1972,"2013"
139675,"19599",24957,39000.000000,"2251",Painting,Oil paint on paper,1980,"2013"
139676,"19599",24957,30000.000000,"2251",Painting,Acrylic on canvas,1976,"2013"
139677,"7420",24658,293751.000000,"1135",Sculpture,Bronze,2018,"1983"
139678,"7514",24658,3500000.500000,"1135",Painting,"Silkscreen ink, acrylic and fabric on canvas",1985,"1983"
139679,"7389",24760,600000.000000,"1158",Painting,"acrylic on lead on wood, suite of 4 panels",1988,"1987"
139680,"6938",24760,1000000.000000,"1158",Sculpture,"fabric, wood, steel and glass",2002,"1987"
139681,"6996",24760,150000.000000,"1158",Sculpture,"handmade paper over chicken wire, acrylic medium, sparkles",2015,"1987"
139682,"11555",24760,450000.000000,"1158",Painting,oil on canvas,2021,"1987"
139683,"50510",24903,17500.500000,"2020",Photography,archival silver gelatin print,1976,"1999"
139684,"7044",24760,380000.000000,"1158",Sculpture,cast bronze,2014,"1987"
139685,"7219",24806,450000.500000,"1103",Prints & Multiples,"Set of twenty (20) woodcuts in cadmium red, cadmium yellow, cadmium orange, ultramarine blue, cerulean blue, cobalt blue, permanent green, viridian green, black, and alizarin crimson on handmade Korean paper",1992,"1993"
139686,"6940",24760,450000.500000,"1158",Painting,acrylic on canvas,2017,"1987"
139687,"9905",24806,250000.500000,"1103",Painting,"Oil, oil stick, graphite and spray paint on canvas and linen",2020,"1993"
139688,"21591",24813,250000.500000,"4101",Painting,acrylic on canvas,1969,"2003"
139689,"21591",24813,17500.500000,"4101",Painting,tempera on paper,1970,"2003"
139690,"72254",24675,37500.500000,"1340",Painting,Acrylic on canvas,2021,"2007"
139691,"7730",25208,120000.000000,"1316",Sculpture,Mixed media,2019,"1993"
139692,"13523",24753,150000.000000,"1198",Painting,"2 panels; oil, enamel, and pigment on acrylic",2021,"1977"
139693,"20848",24806,150000.500000,"1103",Painting,Acrylic and spray paint on canvas,2021,"1993"
139694,"8660",24806,150000.500000,"1103",Painting,"Pearlescent acrylic ink, watercolor, and graphite on paper",2021,"1993"
139695,"10431",24806,250000.500000,"1103",Painting,Oil and graphite on linen on wood panel,2016,"1993"
139696,"6907",24806,625000.500000,"1103",Painting,Digital print on vinyl,2019,"1993"
139697,"8133",24806,625000.500000,"1103",Painting,Oil on Masonite,1994,"1993"
139698,"7555",24806,,"1103",Painting,Oil on canvas,1955,"1993"
139700,"7134",24806,1500000.500000,"1103",Painting,Oil on linen,1998,"1993"
139701,"6748",24658,1500000.000000,"1135",Painting,"Oil on fenestrated canvas, with battery-operated clock driven laser pointers",2007,"1983"
139702,"7447",24658,169472.000000,"1135",Sculpture,"Aluminium, black",2021,"1983"
139703,"7219",24658,875000.500000,"1135",Sculpture,Douglas fir plywood,1977,"1983"
139704,"8594",24903,62500.500000,"2020",Sculpture,glaze on porcelain,2021,"1999"
139705,"31496",24903,62500.500000,"2020",Painting,acrylic on canvas,1967,"1999"
139706,"7019",24760,325000.000000,"1158",Sculpture,aluminium,2021,"1987"
139707,"50510",24903,17500.500000,"2020",Photography,"vintage silver gelatin print, unique",1989,"1999"
139709,"50510",24903,17500.500000,"2020",Photography,archival silver gelatin print,1976,"1999"
139710,"7642",24760,1200000.000000,"1158",Sculpture,solid cast glass with as-cast surfaces,2013,"1987"
139711,"7141",24806,250000.500000,"1103",Painting,Oil and alkyd on linen,2021,"1993"
139712,"6932",24806,87500.500000,"1103",Photography,"Inkjet print on paper, clips",2021,"1993"
139713,"72254",24675,37500.500000,"1340",Painting,Acrylic and oil pastel on canvas,2021,"2007"
139714,"72254",24675,37500.500000,"1340",Painting,Acrylic on canvas ,2021,"2007"
139715,"7089",25208,564990.000000,"1316",Installation,"Emulsion paint and graphite, writing by Phung Vo, bronze, glass bottles, ink on paper, photogravure",2019,"1993"
139716,"68701",25208,158285.960000,"1316",Mixed Media,"Painted wood, reliefs, wires and magnets",1980,"1993"
139717,"19524",24753,625000.500000,"1198",Painting,Taxidermied pigeons + artwork,2021,"1977"
139718,"11218",24806,250000.500000,"1103",Sculpture,Ceramic in twenty-nine (29) parts,2013,"1993"
139719,"17807",24906,150000.500000,"1387",Painting,Acrylic and mixed media on canvas,2021,"2002"
139720,"60853",24806,1500000.500000,"1103",Painting,Oil on canvas,2012,"1993"
139721,"8590",24753,150000.500000,"1198",Painting,Color impasto and gold leaf on board,2018,"1977"
139722,"7461",24664,875000.500000,"1123",Painting,"Aluminum composite panel, aluminum honeycomb, two-component adhesive, primer, gesso, solvent-based screen printing ink",2019,"1980"
139723,"47553",24661,9000.000000,"17772",Photography,Archival pigment print,2021,"2012"
139725,"20493",24672,37500.500000,"15507",Sculpture,"Carbon fiber, epoxy, wood, felt, microphone, guitar amplifier",2021,"2012"
139726,"57702",24752,150000.500000,"1104",Mixed Media,Mixed media on canvas,2020,"1987"
139727,"7146",24752,87500.500000,"1104",Other Materials,"Repurposed quilt, fabric treated acrylic, spray paint and silkscreen",2013,"1987"
139728,"23196",24752,37500.500000,"1104",Mixed Media,Oil on fluted poly,2019,"1987"
139729,"7142",24752,62500.500000,"1104",Mixed Media,"Acrylic, enamel, and glitter on linen",2020,"1987"
139730,"49487",24804,27500.000000,"29651",Painting,"gemstones, painted glass and acrylic on panel",2021,"2021"
139731,"45693",24804,275000.000000,"29651",Sculpture,"3-color, 3-layer cast polyester",2021,"2021"
139732,"7870",24959,150000.500000,"1153",Painting,"Serigraph archival inkjet print of digital collage on prepared canvas with watercolor, acrylic, oil paint, ink and paper appliqué",2021,"1992"
139733,"52407",24959,200000.000000,"1153",Painting,Oil on canvasette,1975,"1992"
139734,"11466",24959,250000.500000,"1153",Painting,Acrylic on canvas ,2020,"1992"
139751,"21591",24813,17500.500000,"4101",Work on Paper,"collage, gelatin silver print on paper",1973,"2003"
139753,"7650",24760,1200000.000000,"1158",Sculpture,silicone,2017,"1987"
139754,"11616",24806,350000.500000,"1103",Mixed Media,UV print on plywood and Dibond aluminum with gloss coat,2021,"1993"
139755,"9857",24806,2500000.500000,"1103",Painting,Oil on canvas,1968,"1993"
139756,"20860",24806,250000.500000,"1103",Painting,Oil on canvas in (2) two parts,2021,"1993"
139757,"21591",24813,37500.500000,"4101",Work on Paper,tempera on paper,1968,"2003"
139758,"21591",24813,150000.500000,"4101",Painting,acrylic on corrugated board,1981,"2003"
139759,"72254",24675,62500.500000,"1340",Painting,"Acrylic, oil pastel and oil paint on canvas",2021,"2007"
139760,"7510",25208,,"1316",Painting,Acrylic on canvas,2014,"1993"
139761,"23654",25208,300000.000000,"1316",Sculpture,Bronze plate,1987,"1993"
139762,"7636",25208,3500000.500000,"1316",Mixed Media,Mixed media on canvas ,2002,"1993"
139763,"21591",24813,62500.500000,"4101",Painting,acrylic on canvas,2018,"2003"
139764,"11656",24753,250000.500000,"1198",Sculpture,"Varnished cast aluminum, walnut wood from Danh Vo's McNamara project, C-print in artist frame",2021,"1977"
139765,"11134",24806,17500.500000,"1103",Sculpture,Stoneware,2020,"1993"
139766,"35908",24906,62500.500000,"1387",Painting,"Acrylic, oil stick, chalk, charcoal, and tape on canvas",2021,"2002"
139767,"7478",24806,150000.500000,"1103",Painting,Acrylic and ink on poly canvas,2013,"1993"
139768,"11122",24806,625000.500000,"1103",Sculpture,"pink, green, and blue fluorescent light",1976,"1993"
139769,"25939",24761,8700.000000,"4854",Sculpture,Glazed ceramic,2021,"2014"
139770,"16758",24664,62500.500000,"1123",Photography,Gelatin Silver Print,1969,"1980"
139771,"49487",24804,27500.000000,"29651",Painting,"gemstones, painted glass and acrylic on panel",2021,"2021"
139772,"47553",24661,14000.000000,"17772",Photography,Archival pigment print,2021,"2012"
139773,"25939",24761,8700.000000,"4854",Sculpture,Glazed ceramic,2021,"2014"
139774,"41319",24752,17500.500000,"1104",Sculpture,"Ceramic, glaze, glass fragments",2021,"1987"
139775,"22131",24658,24238.000000,"1135",Installation,"Guitar machine heads, string pegs; sectioned and set in resin, framed",2019,"1983"
139776,"45693",24804,275000.000000,"29651",Sculpture,"3-color, 3-layer cast polyester",2021,"2021"
139777,"65732",24808,1500.000000,"29309",Sculpture,"Ceramic, urushi (Japanese lacquer). Paulownia wood tomobako box signed in ink, cotton, paper.",2021,"2018"
139778,"64751",24808,62500.500000,"29309",Painting,Oil on canvas,2021,"2018"
139780,"7782",24752,250000.500000,"1104",Mixed Media,"Oil paint stick, ink and paper on board",2021,"1987"
139781,"64902",24752,17500.500000,"1104",Painting,Oil on linen,2013,"1987"
139782,"19599",24957,29000.000000,"2251",Painting,Ink on paper,1964,"2013"
139783,"19599",24957,45000.000000,"2251",Painting,Acrylic paint on wood,1971,"2013"
139784,"16872",24668,25000.000000,"17703",Painting,Acrylic guache on canvas ,2021,"2017"
139785,"7219",24668,150000.500000,"17703",Sculpture,Cadmium red light on wood,1968,"2017"
139786,"88603",24906,17500.500000,"1387",Painting,Oil on canvas,2021,"2002"
139787,"13711",24667,115000.000000,"1133",Work on Paper,graphite on paper in high-density polyethylene frame,2021,"1974"
139796,"11311",24667,150000.000000,"1133",Painting,ink on Japanese paper mounted on canvas,2020,"1974"
139797,"89102",24703,17500.500000,"1860",Painting,acrylic paint and oil paint on canvas,2021,"1996"
139799,"37448",24703,17500.500000,"1860",Mixed Media,mixed media on paper,2021,"1996"
139800,"7651",24807,2500000.500000,"1230",Painting,Oil on canvas,1962,"1985"
139802,"72254",24675,37500.500000,"1340",Painting,Acrylic and oil pastel on canvas,2021,"2007"
139803,"72254",24675,37500.500000,"1340",Painting,Acrylic and oil pastel on canvas,2021,"2007"
139804,"72254",24675,37500.500000,"1340",Painting,Acrylic and oil pastel on canvas,2021,"2007"
139807,"72254",24675,17500.500000,"1340",Painting,Acrylic and oil pastel on canvas,2021,"2007"
139808,"72254",24675,17500.500000,"1340",Painting,Acrylic and oil pastel on canvas,2021,"2007"
139809,"72254",24675,17500.500000,"1340",Painting,Acrylic on canvas,2021,"2007"
139810,"20493",24672,17500.500000,"15507",Sculpture,"Wood, canvas, cables, disassembled Boss Katana 100 amplifier: knobs, wires, circuit board, ports, speaker",2019,"2012"
139811,"25939",24761,8700.000000,"4854",Sculpture,Glazed ceramic,2021,"2014"
139812,"7461",24752,37500.500000,"1104",Sculpture,"Cast bronze, wax",2016,"1987"
139813,"6903",24752,62500.500000,"1104",Painting,Acrylic on canvas,2021,"1987"
139814,"25939",24761,8700.000000,"4854",Sculpture,Glazed ceramic,2021,"2014"
139815,"49487",24804,27500.000000,"29651",Painting,"gemstones, painted glass and acrylic on panel",2021,"2021"
139816,"49487",24804,32500.000000,"29651",Painting,"gemstones, painted glass and acrylic on panel",2021,"2021"
139817,"49487",24804,27500.000000,"29651",Painting,"gemstones, painted glass and acrylic on panel",2021,"2021"
139818,"45693",24804,275000.000000,"29651",Sculpture,monochrome cast polyester,2021,"2021"
139819,"10006",24959,250000.500000,"1153",Photography,"34 Gelatin silver prints",2019,"1992"
139820,"6765",24752,150000.500000,"1104",Mixed Media,Collage and gouache on cardboard,1958,"1987"
139821,"6770",24752,450000.500000,"1104",Sculpture,Enamel on aluminum,1993,"1987"
139822,"8868",24959,550000.000000,"1153",Sculpture,Bronze and stainless steel,2019,"1992"
139823,"67111",24666,62500.500000,"1258",Painting,Oil on canvas,2021,"1999"
139824,"7219",24668,1500000.500000,"17703",Sculpture,Stainless steel with fluorescent acrylic sheets ,1968,"2017"
139825,"35562",24906,65000.000000,"1387",Painting,"Oil, Colored pencil, glitter, acrylic, rhinestones, and collage on canvas stretched over panel",2021,"2002"
139826,"80661",24906,37500.500000,"1387",Sculpture,"Vintage saris, fabric, ghungroo bells, and trim",2021,"2002"
139827,"49310",24667,45100.000000,"1133",Other Materials,"wool, silk, mohair, lurex",2020,"1974"
139828,"25807",24667,750000.000000,"1133",Work on Paper,"watercolour, gouache, and ink on paper",2021,"1974"
139830,"7395",24667,250000.500000,"1133",Sculpture,hand-painted bronze on painted MDF plinth,2017,"1974"
139831,"7396",24667,67000.000000,"1133",Painting,"oil, inkjet and gesso on canvas",2021,"1974"
139832,"8309",24660,37500.500000,"1220",Sculpture,"Acrylic gouache, oil paint, colored pencil on wood",2021,"1963"
139833,"37448",24703,37500.500000,"1860",Mixed Media,mixed media on canvas,2021,"1996"
139834,"67014",24703,17500.500000,"1860",Painting,"oil, acrylic, and sand on canvas",2021,"1996"
139835,"31729",24665,130000.000000,"1245",Painting,oil on linen,1973,"1989"
139836,"25123",24808,2000.000000,"29309",Photography,C-Print,1996,"2018"
139837,"65732",24808,2000.000000,"29309",Sculpture,"Ceramic, urushi lacquer, glaze. Paulownia wood ""tomobako"" box, signed in ink, cotton, paper.",2021,"2018"
139838,"56023",24675,17500.500000,"1340",Painting,Found textile over canvas,2020,"2007"
139839,"56023",24675,17500.500000,"1340",Painting,Found textile over canvas,2020,"2007"
139840,"56023",24675,17500.500000,"1340",Painting,Found textile over canvas,2020,"2007"
139841,"56023",24675,17500.500000,"1340",Painting,Found textile over canvas,2020,"2007"
139842,"56023",24675,17500.500000,"1340",Painting,Found textile over canvas,2020,"2007"
139850,"8724",24669,62500.500000,"1073",Sculpture,"Wood, model building materials, and plexiglass",1992,"2005"
139851,"8160",24752,150000.500000,"1104",Painting,Vinyl on canvas,2005,"1987"
139852,"7141",24752,250000.500000,"1104",Mixed Media,Oil on canvas,2020,"1987"
139853,"24762",24752,450000.500000,"1104",Mixed Media,"Sand, acrylic and oil on linen",2016,"1987"
139854,"11104",24959,,"1153",Painting,Oil on canvas,1978,"1992"
139855,"19599",24957,35000.000000,"2251",Painting,Oil paint on canvas,1979,"2013"
139856,"72001",24906,17500.500000,"1387",Sculpture,"30 Second super hair bonding glue (rubber latex, black carbon dye, Ammonium Hydroxide)",2021,"2002"
139857,"20650",24906,87500.500000,"1387",Painting,Enamel on canvas,2019,"2002"
139858,"75251",24602,37500.500000,"1901",Digital Art,"",2021,"2003"
139859,"7386",24667,87500.500000,"1133",Painting,acrylic on canvas,2021,"1974"
139860,"20812",24667,37500.500000,"1133",Painting,"acrylic and oil on canvas, in three parts",2021,"1974"
139861,"7387",24667,87500.500000,"1133",Painting,oil on linen,2021,"1974"
139862,"7389",24667,395000.000000,"1133",Painting,acrylic on canvas,1996,"1974"
139864,"7390",24667,115000.000000,"1133",Sculpture,"laminate, sandpaper and paint on wood",1970,"1974"
139865,"22000",24667,25000.000000,"1133",Painting,oil on canvas,2020,"1974"
139866,"89102",24703,17500.500000,"1860",Painting,"acrylic paint, oil paint, and oil stick on canvas",2021,"1996"
139867,"89102",24703,17500.500000,"1860",Painting,acrylic paint and oil paint on canvas,2021,"1996"
139868,"37448",24703,37500.500000,"1860",Painting,mixed media on canvas,2021,"1996"
139869,"37448",24703,37500.500000,"1860",Mixed Media,mixed media on canvas,2021,"1996"
139870,"49669",24703,17500.500000,"1860",Painting,acrylic on panel,2021,"1996"
139871,"67014",24703,37500.500000,"1860",Painting,"oil, acrylic, and sand on canvas",2021,"1996"
139872,"41703",24703,37500.500000,"1860",Painting,oil on canvas,2021,"1996"
139873,"16003",24665,625000.500000,"1245",Painting,oil on panel with carved and gilded wood frame,2021,"1989"
139874,"64751",24808,17500.500000,"29309",Painting,Oil on canvas ,2021,"2018"
139875,"64751",24808,17500.500000,"29309",Painting,Oil on canvas ,2021,"2018"
139876,"25123",24808,2000.000000,"29309",Photography,C-Print ,2005,"2018"
139877,"65732",24808,1500.000000,"29309",Sculpture,"Ceramic, urushi (Japanese lacquer). Paulownia wood tomobako box signed in ink, cotton, paper.",2021,"2018"
139878,"56023",24675,17500.500000,"1340",Painting,Found textile over canvas,2020,"2007"
139886,"8724",24669,62500.500000,"1073",Sculpture,"Wood, model building materials, and plexiglass",1992,"2005"
139887,"8212",24669,150000.500000,"1073",Painting,Smoke and soot on board,2021,"2005"
139888,"41603",24669,250000.500000,"1073",Painting,"Egg tempera, gold leaf on gessoed panel",2003,"2005"
139890,"64303",24703,875000.500000,"1860",Painting,.,2020,"1996"
139891,"8201",24755,62500.500000,"1254",Painting,"Oil, acrylic and silk screen ink on linen with powder coated aluminum frame",2021,"1997"
139892,"7393",24807,875000.500000,"1230",Painting,Oil and collage on canvas,1985,"1985"
139893,"13707",24706,62500.500000,"2223",Painting,Acrylic on canvas,1983,"2012"
139901,"41703",24703,37500.500000,"1860",Painting,oil on canvas,2021,"1996"
139902,"85467",24703,37500.500000,"1860",Painting,acrylic and mixed media on canvas,1992,"1996"
139903,"23605",24665,125000.000000,"1245",Work on Paper,watercolor on paper,1920,"1989"
139904,"60978",24665,40000.000000,"1245",Sculpture,"wood, plaster, glass beads, white paint, red paint, ceramic piano baby, Danbury Bell Collection of these United States, CRT, ringing the bells, old love, new love, sorrow love, hard love, the first love, lies, cloth, yarn, cowrie.",2021,"1989"
139905,"21134",24665,8000.000000,"1245",Work on Paper,chromogenic print,2021,"1989"
139906,"64751",24808,62500.500000,"29309",Painting,Oil on canvas,2021,"2018"
139907,"65732",24808,2000.000000,"29309",Sculpture,"Ceramic, urushi lacquer, glaze. Paulownia wood ""tomobako"" box, signed in ink, cotton, paper.",2021,"2018"
139908,"65732",24808,2000.000000,"29309",Sculpture,"Ceramic, urushi lacquer, glaze. Paulownia wood ""tomobako"" box, signed in ink, cotton, paper.",2021,"2018"
139909,"25123",24808,2000.000000,"29309",Photography,C-Print,1995,"2018"
139910,"65732",24808,1500.000000,"29309",Sculpture,"Ceramic, urushi (Japanese lacquer). Paulownia wood tomobako box signed in ink, cotton, paper.",2021,"2018"
139911,"7658",24760,325000.000000,"1158",Painting,"acrylic, oil, and cardboard on linen canvas",2021,"1987"
139917,"8724",24669,37500.500000,"1073",Photography,Gelatin silver print on wood frame,1992,"2005"
139919,"6769",24669,87500.500000,"1073",Sculpture,"Annealed glass with vertical ribs, PVC filter",2019,"2005"
139920,"7059",24669,62500.500000,"1073",Painting,Oil and spray paint on canvas,2021,"2005"
139925,"10048",24669,37500.500000,"1073",Photography,Cyanotype,2021,"2005"
139928,"11130",24665,80000.000000,"1245",Other Materials,"polymer gypsum, fiberglass, steel, plaster, copper leaf, pigment",2021,"1989"
139930,"15561",24755,150000.500000,"1254",Painting,Acrylic on canvas,2021,"1997"
139931,"64303",24703,875000.500000,"1860",Painting,acrylic and mixed media on canvas,1982,"1996"
139954,"19467",24669,87500.500000,"1073",Mixed Media,Custom wallpaper and custom upholstered wood chair,1993,"2005"
139956,"7059",24669,62500.500000,"1073",Painting,Oil and spray paint on canvas,2021,"2005"
139957,"10048",24669,37500.500000,"1073",Photography,Cyanotype,2021,"2005"
139961,"6824",24704,28000.000000,"1063",Painting,"Acrylic, oil, and glitter on canvas",2021,"1996"
139963,"7219",24668,1500000.500000,"17703",Sculpture,Red anodized aluminum,1975,"2017"
139964,"40607",24755,87500.500000,"1254",Painting,Acrylic on canvas,2021,"1997"
139965,"7272",24674,175000.000000,"1256",Photography,Pigment print,2018,"1989"
139967,"6866",24674,225000.000000,"1256",Painting,"Cel-vinyl, spray enamel on canvas over wood panel",2018,"1989"
139968,"6731",24807,2500000.500000,"1230",Work on Paper,Mixed media on paper,1985,"1985"
139969,"49669",24703,37500.500000,"1860",Painting,oil on canvas,2021,"1996"
139970,"7227",24807,,"1230",Painting,Oil on canvas,1975,"1985"
139972,"50510",24703,62500.500000,"1860",Photography,gelatin silver print,1985,"1996"
139973,"41062",24703,,"1860",Mixed Media,"acrylic, deconstructed luggage, and oil on canvas",2021,"1996"
139974,"10047",24706,250000.500000,"2223",Painting,Acrylic on canvas,1984,"2012"
139975,"11670",24706,150000.500000,"2223",Work on Paper,"",2005,"2012"
139976,"6911",24706,875000.500000,"2223",Painting,Oil on canvas,1963,"2012"
139977,"41981",24706,17500.500000,"2223",Work on Paper,Ink and watercolor on paper,1967,"2012"
140001,"8541",24674,120000.000000,"1256",Sculpture,"fired ceramic, glaze, glass, oil paint",2021,"1989"
140002,"89102",24703,,"1860",Painting,oil on canvas,2021,"1996"
140003,"19941",24703,62500.500000,"1860",Painting,oil on canvas,1983,"1996"
140004,"37448",24703,62500.500000,"1860",Mixed Media,mixed media on canvas in three parts,2021,"1996"
140005,"37212",24705,37500.500000,"1417",Work on Paper,collage on paper,2020,"2010"
140006,"55883",24706,37500.500000,"2223",Painting,"Spray paint, acrylic paint, and oil paint on canvas",2021,"2012"
140007,"79558",24706,37500.500000,"2223",Painting,"Fabric collage, fabric transfer, and acrylic on canvas",2021,"2012"
140008,"50230",24706,62500.500000,"2223",Work on Paper,"Colored pencil, ballpoint pen on paper",1968,"2012"
140009,"41981",24706,87500.500000,"2223",Painting,Oil on canvas,1975,"2012"
140010,"6911",24706,150000.500000,"2223",Work on Paper,"Pastel, color pencil, collage on paper",1960,"2012"
140011,"17136",24706,150000.500000,"2223",Painting,Oil on canvas,1976,"2012"
140012,"6979",24674,125000.000000,"1256",Sculpture,"Polyurethane resin, raw Virginia cotton, altered t-shirts, shoelaces",2021,"1989"
140051,"9868",24674,350000.000000,"1256",Sculpture,Rubber bitumen,2019,"1989"
140052,"7082",24674,40000.000000,"1256",Sculpture,"Metal, wood, aluminum, acrylic paint and pineapple",2018,"1989"
140053,"8553",24674,220000.000000,"1256",Painting,Oil and collage on linen,2013,"1989"
140054,"8543",24674,46825.000000,"1256",Photography,Framed c-type print,2019,"1989"
140101,"11543",24674,281120.000000,"1256",Painting,Oil on canvas,2021,"1989"
140102,"6911",24706,625000.500000,"2223",Painting,"Acrylic, oil on canvas",1998,"2012"
140103,"37212",24705,37500.500000,"1417",Work on Paper,collage on paper ,2020,"2010"
140151,"6932",24674,95000.000000,"1256",Photography,"Inkjet print on paper, clips",2021,"1989"
140152,"37212",24705,37500.500000,"1417",Work on Paper,collage on paper,2020,"2010"
140201,"7658",24760,50000.000000,"1158",Sculpture,ceramic,2021,"1987"
140203,"8481",25316,150000.500000,"1451",Sculpture,"Hand-painted mirror, LED light, wood, aluminum, glass paint, glass, mirror, one-way mirror, electric energy and sapele wooden frame",2021,"1966"
140204,"85467",24703,625000.500000,"1860",Sculpture,"ceramic, steel, vinyl, and formica",1973,"1996"
140205,"41534",24855,150000.500000,"1054",Other Materials,"Latex, shoe polish, bitumen, henna, dye, charcoal, graphite, acrylic, and xerox transfer onto brown paper; 126 × 378 inches",2021,"2003"
140208,"31038",24858,17500.500000,"3005",Sculpture,Six walnut sculptures; 36.5 × 16 × 33.25 inches,2019,"2001"
140254,"6900",25316,87500.500000,"1451",Painting,Oil on linen,2021,"1966"
140255,"7010",25316,87500.500000,"1451",Painting,"Acrylic, gesso, lacquer, charcoal and aquarelle pencil on linen",2017,"1966"
140256,"10555",25316,1500000.500000,"1451",Sculpture,Mixed media assemblage,1983,"1966"
140258,"35207",24860,250000.500000,"3049",Other Materials,"Fourteen archival pigment prints in artist’s frames, UV laminate; 84 × 345 × 7 inches",2021,"2013"
140259,"21591",24813,17500.500000,"4101",Painting,tempera on paper,1970,"2003"
140260,"7033",25208,146560.000000,"1316",Mixed Media,"Glass, wood and velvet",2021,"1993"
140261,"9868",25208,500000.000000,"1316",Mixed Media,"Industrial oil-based enamel, rubber torch down, bitumen, wood, and copper",2021,"1993"
140262,"19427",25208,875000.000000,"1316",Mixed Media,Sewing needles and silk thread,2021,"1993"
140263,"25123",24808,2000.000000,"29309",Photography,C-print,2013,"2018"
140304,"12852",25316,350000.500000,"1451",Sculpture,"Plaster, paint and wood",1996,"1966"
140305,"49540",24663,150000.500000,"2271",Painting,Oil and sand on canvas,1959,"1989"
140306,"10442",24906,200000.000000,"1387",Painting,Acrylic on canvas over panel,2021,"2002"
140308,"9404",25106,17500.500000,"1389",Painting,water-based oil on canvas,2021,"1988"
140309,"21591",24813,150000.500000,"4101",Painting,acrylic on canvas,1979,"2003"
140310,"21591",24813,150000.500000,"4101",Painting,"",2019,"2003"
140311,"21591",24813,62500.500000,"4101",Painting,acrylic on canvas,2020,"2003"
140353,"6756",25316,250000.500000,"1451",Sculpture,"Bronze, hand-painted patine",2018,"1966"
140354,"49036",24906,17500.500000,"1387",Sculpture,"Polyester Durag, fabric stiffener, water",2021,"2002"
140357,"31496",24856,250000.500000,"2020",Other Materials,Oil on sailcloth; 72 × 261 inches,1992,"1999"
140358,"61904",24862,350000.500000,"2737",Other Materials,"Porcelain, glaze, adhesives, steel, foam, paint, nail polish, glass, patina; 228 × 177 × 138 inches",2021,"2009"
140359,"13711",24674,300000.000000,"1256",Sculpture,Electroplated copper and brass with liver of sulfur in a copper and brass frame,2019,"1989"
140361,"8473",25208,150000.000000,"1316",Painting,Household gloss paint on canvas,2021,"1993"
140362,"59430",24754,17500.500000,"1180",Other Materials,rags and acrylic on wood,2021,"1971"
140363,"91201",25316,62500.500000,"1451",Painting, Acrylic latex and copper penny on canvas,2006,"1966"
140364,"6756",25316,87500.500000,"1451",Painting,Oil on linen,2020,"1966"
140402,"23181",25316,87500.500000,"1451",Painting,Oil on canvas,2021,"1966"
140403,"6756",25316,350000.500000,"1451",Painting,Acrylic and sand on linen,2015,"1966"
140404,"90501",25316,150000.500000,"1451",Painting,"Oil paint one canvas, aluminium wall relief",2021,"1966"
140405,"11609",25316,350000.500000,"1451",Installation,Painted stainglass mounted on lightbox with aluminum frame,2014,"1966"
140408,"37116",24859,150000.500000,"1614",Installation,Installation variable; each 13.25 × 5 × 1 inches,2019,"1993"
140409,"21421",24863,625000.500000,"1136",Mixed Media,Mixed media on canvas; 133 × 362 inches,1998,"2011"
140410,"8541",24674,120000.000000,"1256",Sculpture,"Fired ceramic, glaze, glass, oil paint",2021,"1989"
140411,"6940",25208,86612.000000,"1316",Prints & Multiples,Giclée photograph mounted on aluminium plate,2016,"1993"
140412,"11214",25208,385000.000000,"1316",Mixed Media,Cibachrome transparency and fluorescent light display case,1993,"1993"
140413,"7512",25208,3500000.500000,"1316",Painting,Ink and polymer on canvas mounted on board,1999,"1993"
140414,"55925",24662,450000.500000,"2004",Mixed Media,"Polyethylene, rope, fabric belt and oil painting on canvas signed Javacheff, mounted on board by the artist",1961,"1972"
140451,"7906",24710,29300.000000,"1266",Painting,Oil and acrylic on canvas,2011,"1991"
140452,"7884",24664,25000.000000,"1123",Photography,Dye sublimation print on aluminum,2021,"1980"
140453,"25808",24906,90000.000000,"1387",Painting,Acrylic and neon on canvas,2020,"2002"
140454,"46951",24906,17961.000000,"1387",Painting,Acrylic and urethane plastic,2020,"2002"
140456,"45825",24907,250000.500000,"2057,2961",Painting,Oil on canvas; 96 × 204 inches,2021,"2008,2008"
140457,"9606",24711,250000.500000,"1242",Painting,oil on canvas,2020,"1960"
140458,"11710",24756,37500.500000,"12716",Sculpture,"Resin, white matt lacquer, MDF, high-gloss black lacquer",2018,"1982"
140459,"60244",24715,6500.000000,"1166",Painting,Oil on linen,2021,"1970"
140460,"49115",24715,14000.000000,"1166",Painting,Oil on canvas,2019,"1970"
140461,"69904",24715,29000.000000,"1166",Painting,Acrylic on canvas,2021,"1970"
140462,"30578",24756,15000.000000,"12716",Mixed Media,Mixed media on canvas,2017,"1982"
140463,"7447",24658,113186.000000,"1135",Sculpture,"Polyester, acrylic, dark blue",2016,"1983"
140502,"7227",24664,350000.500000,"1123",Work on Paper,Graphite on Paper,1964,"1980"
140503,"6793",24664,800000.000000,"1123",Painting,Acrylic on canvas,1982,"1980"
140504,"22174",24861,17500.500000,"2209",Other Materials,"Flag material, fabric, paint on muslin, glue; 120 × 287 inches",2021,"2006"
140505,"23998",24711,250000.500000,"1242",Mixed Media,Mixed media,1977,"1960"
140507,"90851",24715,15500.000000,"1166",Painting,Enamel on aluminium,2019,"1970"
140508,"31278",24715,3500.000000,"1166",Work on Paper,Ink on paper,2020,"1970"
140509,"31278",24715,3500.000000,"1166",Work on Paper,Ink on paper,2019,"1970"
140510,"24191",24711,450000.500000,"1242",Painting,"oil paint, acrylic medium and wood on linen over panel",2021,"1960"
140551,"17136",24906,175000.000000,"1387",Painting,Oil on canvas,1985,"2002"
140552,"19562",24906,37500.500000,"1387",Sculpture,"Silver nitrate, reclaimed charred redwood",2018,"2002"
140553,"8471",24664,875000.500000,"1123",Other Materials,Butterflies and household gloss on canvas,2018,"1980"
140554,"7061",24866,37500.500000,"1415",Video/Film,"",2021,"2005"
140555,"7290",24909,425000.000000,"1435",Other Materials,"Casein, oil stick, and oil pastel on canvas; 116.5 × 335.25 inches",2021,"1991"
140556,"7424",24658,79240.000000,"1135",Painting,Acrylic on canvas on wood,2018,"1983"
140557,"7428",24658,1245200.000000,"1135",Painting,"Emulsion, oil paint, acrylic, shellac, wood and metal on canvas",2019,"1983"
140558,"11277",24658,373560.000000,"1135",Work on Paper,Oil on cardboard,1975,"1983"
140559,"6910",24658,400000.000000,"1135",Painting,Oil and acrlyic on linen,2021,"1983"
140560,"49351",24865,875000.500000,"1163",Other Materials,"Three fiberglass mannequins, Dutch wax printed cotton textile, bespoke hand-painted globes, brass, steel, silk, leather, cotton, hemp, felt, paper, wood, paint; 77 1/8 × 140 × 74 1/8 inches",2021,"1999"
140561,"19551",24715,15000.000000,"1166",Mixed Media,"Paper, acrylic paint and cotton thread on board",2021,"1970"
140562,"31539",24715,18000.000000,"1166",Painting,"Gouache, spray paint, and house paint on wood",2020,"1970"
140563,"9197",24711,250000.500000,"1242",Painting,silkscreen in on Mylar,2021,"1960"
140564,"7431",24711,625000.500000,"1242",Work on Paper,Charcoal on mounted paper,2019,"1960"
140601,"49895",24857,150000.500000,"1165",Other Materials,"Oil, acrylic, mounted wood on canvas; 84 × 240 inches",2021,"2008"
140602,"7516",24664,550000.000000,"1123",Painting,"Paintstick, etching ink, and silica on two sheets of handmade paper ",2019,"1980"
140603,"30946",24906,150000.500000,"1387",Painting,Raw pigment on canvas,2017,"2002"
140604,"7527",24908,250000.500000,"1342",Mixed Media,Mixed media including American flags; 78 × 180 inches,2021,"2004"
140605,"7415",24658,1358400.000000,"1135",Painting,Oil on canvas,2021,"1983"
140606,"9062",24658,186780.000000,"1135",Painting,Mixed media on canvas,2019,"1983"
140608,"41118",24854,0.000000,"1254,2957",Mixed Media,"Polymer paint, flashe (vinyl paint), and resin on aluminum stretcher; 168 × 126 inches",2021,"1997,2005"
140609,"49115",24715,16000.000000,"1166",Painting,Oil on canvas,2021,"1970"
140610,"90851",24715,23000.000000,"1166",Painting,Enamel on aluminium,2019,"1970"
140611,"7530",24710,28000.000000,"1266",Installation,lightbox with b/w-transparency,2012,"1991"
140651,"41608",24906,150000.500000,"1387",Painting,Oil on canvas,2016,"2002"
140652,"9868",24664,625000.500000,"1123",Other Materials,"Industrial oil-based enamel, rubber torch down, bitumen, wood, and copper",2020,"1980"
140653,"8201",24864,350000.500000,"1254",,Spray on wood; 72 × 267 × 2 inches,1994,"1997"
140654,"7090",24756,37500.500000,"12716",Installation,"Aluminum venetian blind, powder-coated stainless steel frame, gas stove, LED tube, cable",2021,"1982"
140657,"45878",24658,65000.000000,"1135",Painting,Silkscreened oil and acrylic on linen with collaged elements,2021,"1983"
140658,"8578",24711,350000.500000,"1242",Painting,oil on linen,1980,"1960"
140701,"90901",24906,17500.500000,"1387",Mixed Media,"Unique archival print with acrylic gouache, abalone shell, micaceous iron oxide, Swarovski crystals, and glitter",2021,"2002"
140702,"7125",24711,450000.500000,"1242",Painting,acrylic on birch,2014,"1960"
140703,"24090",24711,87500.500000,"1242",Installation,blown glass,2021,"1960"
140705,"10135",24806,250000.500000,"1103",Sculpture,"Foamed plastic fishing net floats, ink, acrylic mica mortar, and bamboo garden stakes on wood base with paint primer and wax",1998,"1993"
140706,"7027",24806,2500000.500000,"1103",Work on Paper,"Acrylic, watercolor, ink, and graphite on paper",2016,"1993"
140707,"7355",24807,3500000.500000,"1230",Painting,Oil and pigment stick on linen,2019,"1985"
140708,"37212",24705,37500.500000,"1417",Painting,"aerosol spray, plastic",2021,"2010"
140751,"37212",24705,37500.500000,"1417",Sculpture,"sublimated prints on cotton paper, copper wire, plastic in vase",2020,"2010"
140752,"60316",24711,150000.500000,"1242",Painting,oil and oil stick on panel,2021,"1960"
140753,"11665",24673,37500.500000,"1277",Painting,Oil on linen,2021,"1977"
140754,"39705",24903,250000.500000,"2020",Painting,"oil, oil bar and acrylic on canvas",2021,"1999"
140755,"46188",24761,8000.000000,"4854",Sculpture,Single cast patinated bronze,2021,"2014"
140756,"37212",24705,37500.500000,"1417",Painting,"aerosol spray, plastic",2021,"2010"
140801,"7367",24711,350000.500000,"1242",Painting,oil on canvas,1992,"1960"
140805,"7848",24673,450000.500000,"1277",Painting,Acrylic on linen,2021,"1977"
140806,"20848",24806,150000.500000,"1103",Painting,Acrylic and spray paint on canvas,2021,"1993"
140807,"22060",24660,87500.500000,"1220",Painting,Acrylic watercolor on canvas mounted on acrylic . In twelve parts.,2015,"1963"
140854,"36758",24661,37500.500000,"17772",Mixed Media,Metal plastic fabric,2021,"2012"
140855,"36758",24661,37500.500000,"17772",Mixed Media,"Metal, plastic, fabric",2021,"2012"
140856,"46188",24761,15800.000000,"4854",Sculpture,Single cast patinated bronze,2021,"2014"
140857,"8660",24806,150000.500000,"1103",Work on Paper,"Pearlescent acrylic ink, watercolor, and graphite on paper",2021,"1993"
140903,"72583",24673,17500.500000,"1277",Mixed Media,"Recycled foam, wooden panels, acrylic paint and water-based pigments",2018,"1977"
140951,"20425",24810,18000.000000,"1195",Painting,Acrylic on jute,2020,"2007"
140952,"9186",24662,1500000.500000,"2004",Mixed Media,Peluche,1961,"1972"
140953,"37116",24814,17500.500000,"1614",Photography,digital photographic print,2013,"1993"
140954,"37116",24814,,"1614",Prints & Multiples,monotype on paper,2013,"1993"
140955,"37116",24814,17500.500000,"1614",Prints & Multiples,monotype and gold leaf on paper,2018,"1993"
140956,"7272",24674,30000.000000,"1256",Photography,C-print,2009,"1989"
140957,"6778",24674,250000.000000,"1256",Installation,Language + the materials referred to,2012,"1989"
141001,"20425",24810,18000.000000,"1195",Painting,Acrylic on jute,2020,"2007"
141002,"7607",24662,625000.500000,"2004",Painting,Oil and sand on canvas,1957,"1972"
141003,"41183",24906,250000.500000,"1387",Sculpture,Paint skin and metal,2021,"2002"
141005,"23961",24811,87500.500000,"2203",Sculpture,"Porcelain, rope",2017,"1970"
141051,"25067",24662,17500.500000,"2004",Painting,"Plaster, gesso and varnish on wood",2018,"1972"
141052,"66680",24903,37500.500000,"2020",Painting,oil on linen over panel,2021,"1999"
141053,"50510",24903,37500.500000,"2020",Photography,"archival pigment print, unique, framed",2000,"1999"
141054,"37116",24814,17500.500000,"1614",Photography,C-print mounted on Dibond,2012,"1993"
141055,"37116",24814,17500.500000,"1614",Photography,"diptych, portrait of the artist; both halves of torn archival digital print",2019,"1993"
141056,"37116",24814,37500.500000,"1614",Sculpture,carved book,2017,"1993"
141057,"41461",24811,62500.500000,"2203",Mixed Media,Watercolor on mulberry Hanji paper,2020,"1970"
141101,"39705",24903,250000.500000,"2020",Painting,"oil, oil bar and acrylic on canvas",2021,"1999"
141102,"38755",24903,37500.500000,"2020",Sculpture,"boxing gloves, vintage linen, chain",2021,"1999"
141151,"8594",24903,17500.500000,"2020",Sculpture,glaze and gold lustre on porcelain,2021,"1999"
141152,"38755",24903,17500.500000,"2020",Sculpture,"boxing gloves, vintage textiles and chain",2021,"1999"
141153,"13711",24674,250000.000000,"1256",Sculpture,Electroplated copper plate with cast copper wall mount,2018,"1989"
141154,"23961",24811,150000.500000,"2203",Sculpture,Porcelain,1979,"1970"
141201,"8376",24663,350000.500000,"2271",Painting,Mixed media on burlap,1968,"1989"
141202,"8594",24903,62500.500000,"2020",Sculpture,"paper clay, plywood, acrylic paint, auto paint, enamel",2021,"1999"
141251,"8086",24810,68000.000000,"1195",Painting,Oil on canvas,1963,"2007"
141252,"37212",24705,37500.500000,"1417",Painting,"aerosol spray, plastic",2021,"2010"
141253,"37116",24814,17500.500000,"1614",Prints & Multiples,monotype on paper,2019,"1993"
141301,"8086",24810,25000.000000,"1195",Painting,Oil on wood,1964,"2007"
141351,"91151",25316,150000.500000,"1451",Painting,Acrylic latex and copper penny on canvas,2012,"1966"
141352,"49988",24807,150000.500000,"1230",Painting,"",1970,"1985"
141353,"20425",24810,18000.000000,"1195",Painting,Acrylic on jute,2021,"2007"
141401,"8606",24662,87500.500000,"2004",Painting,Mixed media on canvas,2021,"1972"
141402,"8594",24903,,"2020",Sculpture,plywood and paper clay,2021,"1999"
